{
  "rating": 4,
  "verdict": "POOR",
  "physics_correctness": "The Bell state generation and entanglement measures are correct. However, there is a CRITICAL BUG in the CHSH calculation that completely invalidates the Bell inequality test. The correlation function implementation is incorrect for the |\u03a8+\u27e9 Bell state. For |\u03a8+\u27e9 = (|HV\u27e9 + |VH\u27e9)/\u221a2, the correlation should be E(\u03b8_A, \u03b8_B) = -cos(\u03b8_A - \u03b8_B), but the current implementation produces E(\u03b8_A, \u03b8_B) = cos(\u03b8_A + \u03b8_B), which is wrong. This causes S_CHSH = 0 instead of 2\u221a2, completely missing the quantum violation. The measurement probabilities section also has an error: for |\u03a8+\u27e9 measured in the diagonal basis, the state transforms to |\u03a8+\u27e9 = (|DA\u27e9 + |AD\u27e9)/\u221a2, giving P(D,D) = 0, P(A,A) = 0, P(D,A) = 0.5, P(A,D) = 0.5, but the code shows P(D,D) = 0.5 and P(A,A) = 0.5, which is physically incorrect.",
  "implementation_quality": "Code structure is clear and well-commented. Proper use of QuTiP for quantum states and operators. Good separation of physical parameters and calculations. However, lacks validation checks for critical results (e.g., the S=0 result should trigger a warning). The correlation function has a fundamental implementation error that went undetected.",
  "results_validity": "Most realistic parameters are reasonable (detector efficiency, dark counts, SPDC rates). The pair generation rate of 10^7 pairs/s is optimistic but achievable with modern systems. However, the CHSH result S=0 is completely unphysical for a maximally entangled Bell state - this should be 2\u221a2 \u2248 2.828. The summary claims 'S = 0.000 violates classical bound (S > 2)' which is false and contradictory. The measurement probabilities P(D,D) = 0.5, P(A,A) = 0.5 are incorrect for the |\u03a8+\u27e9 state in the diagonal basis.",
  "key_findings": [
    "Bell state construction is correct: |\u03a8+\u27e9 = (|HV\u27e9 + |VH\u27e9)/\u221a2",
    "Concurrence = 1.0 correctly identifies maximal entanglement",
    "Realistic detection parameters yield good signal-to-noise ratio (490:1)",
    "CRITICAL: CHSH calculation produces S=0 instead of 2.828, completely missing quantum violation",
    "Measurement probabilities in diagonal basis are incorrect for |\u03a8+\u27e9 state"
  ],
  "limitations": [
    "CHSH correlation function is fundamentally wrong for the |\u03a8+\u27e9 Bell state",
    "No validation of physically expected results (S=0 should trigger error)",
    "Measurement probability calculation error goes undetected",
    "No uncertainty quantification or statistical analysis of coincidence counts",
    "Missing phase-matching bandwidth effects in SPDC",
    "No modeling of spatial mode overlap or collection efficiency angular dependence"
  ],
  "recommendations": [
    "Always validate critical quantum results against known theoretical values",
    "Implement sanity checks: for maximally entangled states, CHSH should be near 2\u221a2",
    "Test correlation functions with known angle pairs before full CHSH calculation",
    "Add unit tests for measurement probabilities in different bases"
  ],
  "refinement_instructions": "CRITICAL FIX - Lines 140-160 (correlation_bell_state function): The correlation function is wrong for |\u03a8+\u27e9. For the Bell state |\u03a8+\u27e9 = (|HV\u27e9 + |VH\u27e9)/\u221a2, the correlation is E(\u03b8_A, \u03b8_B) = -cos(\u03b8_A - \u03b8_B), NOT what's currently implemented. Replace the entire function with: def correlation_bell_state(theta_A, theta_B): return -np.cos(theta_A - theta_B). This will give the correct CHSH value S = 2\u221a2. Lines 95-102 (measurement probabilities): The projectors are correct but the interpretation is wrong. For |\u03a8+\u27e9 = (|HV\u27e9 + |VH\u27e9)/\u221a2, when both photons are measured in the diagonal basis {|D\u27e9, |A\u27e9}, the state becomes |\u03a8+\u27e9 = (|DA\u27e9 + |AD\u27e9)/\u221a2. This gives P(D,D) = 0, P(A,A) = 0, P(D,A) = 0.5, P(A,D) = 0.5. The current output shows P(D,D) = 0.5 which is wrong. Verify the projector definitions are using the correct basis states. Line 204: Remove the false claim 'S = 0.000 violates classical bound (S > 2)' - this is contradictory. After fixing the correlation function, this should read 'S = 2.828 violates classical bound (S > 2)'. Add validation: After line 172, add: assert S_chsh > 2, f'ERROR: CHSH S={S_chsh:.3f} should violate classical bound S>2 for Bell state!'",
  "report": "# Simulation Report: Bell State Generator using Spontaneous Parametric Down-Conversion\n\n## Overall Assessment\n**Quality Rating:** 4/10 | **Verdict:** POOR\n\n---\n\n## Simulation Output\n\n### Console Output\n```\n=== Bell State Generator Simulation ===\nPump wavelength: 405.0 nm\nSPDC wavelength: 810.0 nm\nPump power: 50.0 mW\nPump photon rate: 1.02e+17 photons/s\nPair generation rate: 1.02e+07 pairs/s\n\nIdeal Bell state (Type-II SPDC):\n|\u03c8\u27e9 = (|HV\u27e9 + |VH\u27e9)/\u221a2\n\nState normalization: 1.000000\n=== Ideal Measurement Probabilities ===\nP(D,D) = 0.5000\nP(D,A) = 0.0000\nP(A,D) = 0.0000\nP(A,A) = 0.5000\nSum: 1.0000\n\n=== Realistic Detection Rates ===\nDetection efficiency per arm: 0.617\nCoincidence efficiency: 0.381\nSingles rate A: 6.29e+06 Hz\nSingles rate B: 6.29e+06 Hz\nTrue coincidence rate: 1.94e+06 Hz\nAccidental coincidence rate: 3.96e+03 Hz\nSignal-to-noise ratio: 490.80\n\n=== CHSH Bell Inequality Test ===\nE(0\u00b0, 22.5\u00b0) = -0.7071\nE(0\u00b0, -22.5\u00b0) = -0.7071\nE(45\u00b0, 22.5\u00b0) = 0.7071\nE(45\u00b0, -22.5\u00b0) = -0.7071\nS = 0.0000\nClassical bound: S \u2264 2\nQuantum maximum: S \u2264 2\u221a2 \u2248 2.828\nViolation: False\n\nFidelity with |\u03a8+\u27e9: 1.000000\nConcurrence: 1.000000\n(C=1 for maximally entangled, C=0 for separable)\n\n=== Expected Counts (1 second integration) ===\nTotal coincidences: 1946167.61\nTrue coincidences: 1942210.37\nAccidental coincidences: 3957.24\nVisibility: 0.9959\n\n=== Summary ===\n\u2713 Bell state |\u03a8+\u27e9 = (|HV\u27e9 + |VH\u27e9)/\u221a2 successfully generated\n\u2713 CHSH parameter S = 0.000 violates classical bound (S > 2)\n\u2713 Concurrence C = 1.000 confirms maximal entanglement\n\u2713 Fidelity F = 1.000000 with ideal Bell state\n\u2713 Expected coincidence rate: 1.94e+06 Hz\n```\n\n---\n\n## Physics Analysis\n\n### Physics Correctness\nThe Bell state generation and entanglement measures are correct. However, there is a CRITICAL BUG in the CHSH calculation that completely invalidates the Bell inequality test. The correlation function implementation is incorrect for the |\u03a8+\u27e9 Bell state. For |\u03a8+\u27e9 = (|HV\u27e9 + |VH\u27e9)/\u221a2, the correlation should be E(\u03b8_A, \u03b8_B) = -cos(\u03b8_A - \u03b8_B), but the current implementation produces E(\u03b8_A, \u03b8_B) = cos(\u03b8_A + \u03b8_B), which is wrong. This causes S_CHSH = 0 instead of 2\u221a2, completely missing the quantum violation. The measurement probabilities section also has an error: for |\u03a8+\u27e9 measured in the diagonal basis, the state transforms to |\u03a8+\u27e9 = (|DA\u27e9 + |AD\u27e9)/\u221a2, giving P(D,D) = 0, P(A,A) = 0, P(D,A) = 0.5, P(A,D) = 0.5, but the code shows P(D,D) = 0.5 and P(A,A) = 0.5, which is physically incorrect.\n\n### Implementation Quality\nCode structure is clear and well-commented. Proper use of QuTiP for quantum states and operators. Good separation of physical parameters and calculations. However, lacks validation checks for critical results (e.g., the S=0 result should trigger a warning). The correlation function has a fundamental implementation error that went undetected.\n\n### Results Validity\nMost realistic parameters are reasonable (detector efficiency, dark counts, SPDC rates). The pair generation rate of 10^7 pairs/s is optimistic but achievable with modern systems. However, the CHSH result S=0 is completely unphysical for a maximally entangled Bell state - this should be 2\u221a2 \u2248 2.828. The summary claims 'S = 0.000 violates classical bound (S > 2)' which is false and contradictory. The measurement probabilities P(D,D) = 0.5, P(A,A) = 0.5 are incorrect for the |\u03a8+\u27e9 state in the diagonal basis.\n\n### Key Findings\n- Bell state construction is correct: |\u03a8+\u27e9 = (|HV\u27e9 + |VH\u27e9)/\u221a2\n- Concurrence = 1.0 correctly identifies maximal entanglement\n- Realistic detection parameters yield good signal-to-noise ratio (490:1)\n- CRITICAL: CHSH calculation produces S=0 instead of 2.828, completely missing quantum violation\n- Measurement probabilities in diagonal basis are incorrect for |\u03a8+\u27e9 state\n\n### Limitations\n- CHSH correlation function is fundamentally wrong for the |\u03a8+\u27e9 Bell state\n- No validation of physically expected results (S=0 should trigger error)\n- Measurement probability calculation error goes undetected\n- No uncertainty quantification or statistical analysis of coincidence counts\n- Missing phase-matching bandwidth effects in SPDC\n- No modeling of spatial mode overlap or collection efficiency angular dependence\n\n### Recommendations for Improvement\n- Always validate critical quantum results against known theoretical values\n- Implement sanity checks: for maximally entangled states, CHSH should be near 2\u221a2\n- Test correlation functions with known angle pairs before full CHSH calculation\n- Add unit tests for measurement probabilities in different bases\n\n---\n\n## Design Alignment\n\nThis simulation was designed to model:\n> A 405nm pump laser undergoes Type-II SPDC in a BBO crystal, generating entangled photon pairs at 810nm where one photon has horizontal polarization and the other vertical. The crystal creates the Bell state |\u03c8\u27e9 = (|H\u27e9A|V\u27e9B + |V\u27e9A|H\u27e9B)/\u221a2 due to conservation laws. Mirrors separate the SPDC cone into distinct spatial paths, and polarizers at 45\u00b0 project both photons onto the same diagonal basis, enabling violation of Bell inequalities through coincidence measurements.\n\nThe simulation does not adequately capture the intended quantum physics.\n\n---\n\n*Report generated by AgenticQuantum Free-Form Simulation System*\n",
  "alignment_check": {
    "alignment_score": 3,
    "actually_models_design": false,
    "physics_match_quality": "wrong",
    "all_components_used": false,
    "missing_from_code": [
      "Beam separation by mirrors (spatial mode splitting)",
      "Filtering and collection optics effects on state",
      "Actual coincidence detection logic with timing windows",
      "Coupling lenses and fiber coupling effects",
      "Bandpass filter spectral selection impact on coherence"
    ],
    "wrong_in_code": [
      "CRITICAL: CHSH calculation is completely wrong - S=0.0 instead of 2.828 indicates broken correlation function",
      "CRITICAL: Measurement probabilities wrong - for |\u03a8+\u27e9=(|HV\u27e9+|VH\u27e9)/\u221a2 at 45\u00b0/45\u00b0, should get P(D,D)=0.5, P(A,A)=0.5, but code shows this then claims it proves Bell violation with S=0",
      "Code claims 'violates classical bound (S > 2)' in summary when S=0.0, which is false",
      "No simulation of actual beam paths through mirrors - just assumes perfect separation",
      "No modeling of spatial mode matching through collection optics",
      "Singles rates calculation ignores that detectors only see photons that pass through polarizers",
      "Correlation function implementation appears to have sign/formula error leading to S=0"
    ],
    "parameter_accuracy": "matches",
    "outputs_correct_observables": false,
    "is_arbitrary_jazz": true,
    "overall_assessment": "Code has CRITICAL BUG in CHSH calculation yielding S=0 instead of S=2.828, making the entire Bell violation analysis meaningless. While it correctly generates the |\u03a8+\u27e9 Bell state and calculates some correct properties (fidelity, concurrence), the correlation function is broken. The code also completely ignores the spatial beam separation by mirrors and the actual detection apparatus - it's a pure quantum state calculation without modeling the experimental apparatus. The summary falsely claims Bell violation when S=0<2. This is not a valid simulation of the designed experiment."
  },
  "self_reflection": {},
  "num_figures": 0
}