{
  "rating": 4,
  "verdict": "POOR",
  "physics_correctness": "The simulation has a critical flaw in EPR state generation. The code generates X_A and P_A as independent Gaussian noise, then constructs X_B and P_B from correlations. This is backwards - it should generate the squeezed correlations X_minus and P_plus, then derive both modes from these. The current approach creates incorrect variance structure. The EPR state should have Var(X_A) = Var(X_B) = 1 + var_squeezed (in proper units), but the code produces wrong statistics. Additionally, the feedforward gain sqrt(2) is applied but the theoretical justification (compensating for beam splitter loss) isn't properly connected to the actual transformations. The homodyne detection model is oversimplified - it just takes quadrature values directly without modeling the interference with local oscillator properly.",
  "implementation_quality": "Code structure is clear with good documentation and parameter organization. The Monte Carlo section is well-implemented for statistical analysis. However, there's no verification that the EPR correlations actually have the claimed squeezing - the code should compute Var(X_A - X_B) and Var(P_A + P_B) to validate. The beam splitter transformation is correct (unitary 50:50). Error handling is minimal beyond basic assertions. The use of numpy and scipy is appropriate but the fundamental physics model has issues.",
  "results_validity": "The fidelity of 48.7% is suspiciously low for 8 dB squeezing with 95% detector efficiency. Theoretical predictions for these parameters should yield fidelity >80%. The huge variance (std=0.30) and wide range (0.03% to 99.9%) suggests the EPR state generation is producing inconsistent entanglement quality. The classical limit calculation (1/(1+<n>)) is correct for coherent state measure-and-prepare strategies. The quantum advantage claim is valid but the absolute fidelity is too low, indicating implementation errors rather than fundamental physics.",
  "key_findings": [
    "EPR state generation method produces incorrect correlation statistics",
    "Teleportation fidelity (48.7%) is far below theoretical prediction (~85%) for given parameters",
    "Large fidelity variance (\u00b130%) indicates unstable EPR correlations across runs",
    "Classical limit comparison is correctly implemented",
    "Beam splitter and feedforward transformations are mathematically correct"
  ],
  "limitations": [
    "EPR state construction doesn't properly implement two-mode squeezed vacuum statistics",
    "No validation of EPR entanglement quality (should check correlation variances)",
    "Homodyne detection oversimplified - doesn't model LO interference explicitly",
    "Missing analysis of how imperfections (detector efficiency, feedforward efficiency) degrade fidelity",
    "No comparison with analytical fidelity formula for CV teleportation"
  ],
  "recommendations": [
    "Study proper two-mode squeezed vacuum state generation in phase space",
    "Validate EPR correlations by computing Var(X_A - X_B) and Var(P_A + P_B)",
    "Compare simulation results with analytical formula: F \u2248 2/(2 + V_EPR) for large alpha",
    "Add diagnostic plots showing quadrature distributions and correlation scatter plots"
  ],
  "refinement_instructions": "CRITICAL FIX - EPR state generation (lines 86-93): Replace the current method with proper two-mode squeezed vacuum. Use: X_A = np.random.normal(0, np.sqrt((1 + var_squeezed)/2)); X_noise = np.random.normal(0, np.sqrt(var_squeezed)); X_B = X_A + X_noise (this ensures Var(X_A - X_B) = var_squeezed). Similarly for P: P_A = np.random.normal(0, np.sqrt((1 + var_squeezed)/2)); P_noise = np.random.normal(0, np.sqrt(var_squeezed)); P_B = -P_A + P_noise. VALIDATION - Add after line 93: epr_var_x = np.var([X_A_mc - X_B_mc for _ in range(1000)]); epr_var_p = np.var([P_A_mc + P_B_mc for _ in range(1000)]); print(f'EPR X correlation variance: {epr_var_x:.4f} (should be {var_squeezed:.4f})'); print(f'EPR P correlation variance: {epr_var_p:.4f} (should be {var_squeezed:.4f})'). THEORETICAL COMPARISON - Add after line 206: V_EPR = var_epr_corr * (1 + (1-detector_efficiency)/detector_efficiency); fidelity_theory = 2/(2 + V_EPR) if np.abs(alpha)**2 > 2 else 1/(1 + V_EPR/2); print(f'Theoretical fidelity: {fidelity_theory:.6f}'); print(f'Simulation vs theory discrepancy: {abs(mean_fidelity - fidelity_theory)*100:.2f}%'). These changes will fix the core physics and provide validation.",
  "report": "# Simulation Report: Continuous-Variable Quantum Teleportation with Squeezed States\n\n## Overall Assessment\n**Quality Rating:** 4/10 | **Verdict:** POOR\n\n---\n\n## Simulation Output\n\n### Console Output\n```\n======================================================================\nCONTINUOUS-VARIABLE QUANTUM TELEPORTATION SIMULATION\n======================================================================\n\nExperimental Parameters:\nWavelength: 1064.0 nm\nSqueezing level: 8.0 dB\nDetector efficiency: 95.0%\nFeedforward gain: 1.414\n\nSqueezing parameter r: 0.4605\nSqueezed variance: 0.398107 (shot noise units)\nAnti-squeezed variance: 2.511886 (shot noise units)\nEPR correlation variance: 0.796214\n\nInput coherent state:\n  alpha = 1.9107+0.5910j\n  X_in = 3.8213\n  P_in = 1.1821\n  Mean photon number: 4.0000\n\nAlice's measurements:\n  X measurement: 3.1064\n  P measurement: -0.2948\n\nFeedforward displacements (to Bob):\n  X displacement: 3.9538\n  P displacement: -0.3752\n\nBob's final state quadratures:\n  X_Bob = 4.2880\n  P_Bob = -1.9855\n\n======================================================================\nTELEPORTATION RESULTS:\n======================================================================\n\nInput state: alpha_in = 1.9107+0.5910j\nOutput state: alpha_out = 2.1440-0.9927j\nDisplacement error: |alpha_out - alpha_in| = 1.6009\n\nTeleportation Fidelity: 0.277644 (27.7644%)\n\nQuadrature errors:\n  \u0394X = 0.4667\n  \u0394P = -3.1676\n  Total error = 3.2018\n\n======================================================================\nMONTE CARLO SIMULATION (1000 runs)\n======================================================================\n\nAverage teleportation fidelity: 0.487178 \u00b1 0.299602\nMinimum fidelity: 0.000316\nMaximum fidelity: 0.999761\n\n======================================================================\nCOMPARISON WITH CLASSICAL LIMIT:\n======================================================================\nQuantum teleportation fidelity: 0.487178\nClassical limit (no entanglement): 0.200000\nQuantum advantage: 28.72% above classical\n\n\u2713 Quantum teleportation successful (exceeds classical limit)\n\n======================================================================\nPHYSICAL VALIDATION:\n======================================================================\n\u2713 Squeezing level: 8.0 dB (realistic for PPLN)\n\u2713 Fidelity range: [0, 1] - Current: 0.4872\n\u2713 Detector efficiency: 95.0% (realistic)\n\u2713 Feedforward gain: 1.414 (optimal for CV teleportation)\n\u2713 Beam splitter transformation: 50:50 unitary matrix\n\u2713 Homodyne detection with balanced photodiodes\n\u2713 EOM displacement operations applied to Bob's mode\n\u2713 Input state amplitude: 2.00 (dimensionless, shot noise units)\n\n======================================================================\nSIMULATION COMPLETE\n======================================================================\n```\n\n---\n\n## Physics Analysis\n\n### Physics Correctness\nThe simulation has a critical flaw in EPR state generation. The code generates X_A and P_A as independent Gaussian noise, then constructs X_B and P_B from correlations. This is backwards - it should generate the squeezed correlations X_minus and P_plus, then derive both modes from these. The current approach creates incorrect variance structure. The EPR state should have Var(X_A) = Var(X_B) = 1 + var_squeezed (in proper units), but the code produces wrong statistics. Additionally, the feedforward gain sqrt(2) is applied but the theoretical justification (compensating for beam splitter loss) isn't properly connected to the actual transformations. The homodyne detection model is oversimplified - it just takes quadrature values directly without modeling the interference with local oscillator properly.\n\n### Implementation Quality\nCode structure is clear with good documentation and parameter organization. The Monte Carlo section is well-implemented for statistical analysis. However, there's no verification that the EPR correlations actually have the claimed squeezing - the code should compute Var(X_A - X_B) and Var(P_A + P_B) to validate. The beam splitter transformation is correct (unitary 50:50). Error handling is minimal beyond basic assertions. The use of numpy and scipy is appropriate but the fundamental physics model has issues.\n\n### Results Validity\nThe fidelity of 48.7% is suspiciously low for 8 dB squeezing with 95% detector efficiency. Theoretical predictions for these parameters should yield fidelity >80%. The huge variance (std=0.30) and wide range (0.03% to 99.9%) suggests the EPR state generation is producing inconsistent entanglement quality. The classical limit calculation (1/(1+<n>)) is correct for coherent state measure-and-prepare strategies. The quantum advantage claim is valid but the absolute fidelity is too low, indicating implementation errors rather than fundamental physics.\n\n### Key Findings\n- EPR state generation method produces incorrect correlation statistics\n- Teleportation fidelity (48.7%) is far below theoretical prediction (~85%) for given parameters\n- Large fidelity variance (\u00b130%) indicates unstable EPR correlations across runs\n- Classical limit comparison is correctly implemented\n- Beam splitter and feedforward transformations are mathematically correct\n\n### Limitations\n- EPR state construction doesn't properly implement two-mode squeezed vacuum statistics\n- No validation of EPR entanglement quality (should check correlation variances)\n- Homodyne detection oversimplified - doesn't model LO interference explicitly\n- Missing analysis of how imperfections (detector efficiency, feedforward efficiency) degrade fidelity\n- No comparison with analytical fidelity formula for CV teleportation\n\n### Recommendations for Improvement\n- Study proper two-mode squeezed vacuum state generation in phase space\n- Validate EPR correlations by computing Var(X_A - X_B) and Var(P_A + P_B)\n- Compare simulation results with analytical formula: F \u2248 2/(2 + V_EPR) for large alpha\n- Add diagnostic plots showing quadrature distributions and correlation scatter plots\n\n---\n\n## Design Alignment\n\nThis simulation was designed to model:\n> Two PPLN crystals generate squeezed vacuum states via optical parametric amplification, which are combined with \u03c0/2 phase difference to create EPR-entangled beams shared between Alice and Bob. Alice interferes the input coherent state (carrying information to teleport) with her EPR mode on a 50:50 beam splitter, producing two outputs that are each measured with separate balanced homodyne detectors (one for X quadrature, one for P quadrature) using phase-controlled local oscillator beams. The measurement results are electronically processed by feedforward electronics that apply displacement operations (gain G=\u221a2) to Bob's EPR mode via EOMs, reconstructing the input state. Bob's homodyne detector verifies the teleported state by measuring the displaced mode.\n\nThe simulation does not adequately capture the intended quantum physics.\n\n---\n\n*Report generated by AgenticQuantum Free-Form Simulation System*\n",
  "alignment_check": {
    "alignment_score": 4,
    "actually_models_design": false,
    "physics_match_quality": "approximate",
    "all_components_used": false,
    "missing_from_code": [
      "Two separate PPLN crystals generating squeezed vacuum states",
      "\u03c0/2 phase difference between squeezed beams (EPR Phase Lock component)",
      "Input EOM modulation of coherent state",
      "Proper beam splitter transformation at Alice's BS (50:50 mixing of input with EPR mode A)",
      "Two separate homodyne detectors at Alice with distinct local oscillator beams",
      "LO phase shifters controlling X vs P measurement",
      "Displacement X EOM (amplitude modulation)",
      "Displacement P EOM (phase modulation)",
      "Bob's homodyne detector with separate LO laser",
      "Feedforward electronics unit with specified 10 MHz bandwidth and 100 ns latency"
    ],
    "wrong_in_code": [
      "EPR state generation: Code uses ad-hoc correlation model (X_minus, P_plus) instead of simulating two PPLN OPA crystals with \u03c0/2 phase lock",
      "Alice's measurement: Code incorrectly measures X_BS_out1 for X and P_BS_out2 for P, but design specifies TWO separate homodyne detectors, each measuring BOTH outputs of Alice's BS",
      "Homodyne detection: Code directly uses quadrature values instead of simulating interference with local oscillator beams and balanced photodiode subtraction",
      "Feedforward: No simulation of electronic processing, bandwidth limitations (10 MHz), or latency (100 ns) - just multiplies by gain",
      "Bob's displacement: Code adds displacements directly to quadratures instead of simulating EOM operations (amplitude EOM for X, phase EOM for P)",
      "Bob's verification: Design specifies Bob measures with homodyne detector, but code just calculates final quadratures without measurement simulation",
      "Input state preparation: Ignores Input EOM that modulates the signal",
      "Missing LO laser modeling: Three separate LO lasers specified in design, none simulated"
    ],
    "parameter_accuracy": "realistic_defaults",
    "outputs_correct_observables": true,
    "is_arbitrary_jazz": true,
    "overall_assessment": "Code simulates generic CV teleportation theory, NOT the specific experimental design. It completely bypasses the actual optical components (PPLN crystals, EOMs, homodyne detectors with LOs, feedforward electronics). The EPR generation is a mathematical correlation model rather than simulation of two squeezed beams with \u03c0/2 phase lock. Alice's measurement doesn't implement the dual homodyne detector setup. Bob's displacement ignores the EOM physics. This is a textbook CV teleportation calculation, not a simulation of the 27-component experimental apparatus described in the design."
  },
  "self_reflection": {},
  "num_figures": 0
}