{
  "rating": 6,
  "verdict": "FAIR",
  "physics_correctness": "The simulation captures the conceptual framework of the delayed choice quantum eraser but has critical physics errors. The main issue is in how which-path information is handled: D0-D1 and D0-D2 coincidences show non-zero visibility (0.33 and 0.26) when they should show NO interference pattern at all - these represent cases where which-path information is available. The code incorrectly uses single-slit diffraction patterns (signal_prob_a and signal_prob_b) for which-path cases, when it should use the incoherent sum of probabilities from both slits since entanglement correlation doesn't preserve coherence at the individual detector level. The erased cases (D3/D4) correctly show high visibility (~0.97), which is physically appropriate. The beam splitter logic is conceptually reasonable but the phase relationships at the eraser BS need more careful treatment.",
  "implementation_quality": "Code structure is well-organized with clear class hierarchy and separation of concerns. Good use of dataclasses for parameters and precomputation for efficiency. The single-slit diffraction calculation using sinc functions is properly implemented. However, there are issues: (1) No validation that BS transmittance + reflectance = 1, (2) Normalization of amplitudes is done independently for each slit which loses relative phase information needed for proper interference, (3) The visibility calculation uses Gaussian smoothing which may artificially enhance or reduce measured visibility, (4) No error bars or statistical uncertainty quantification despite being a Monte Carlo simulation.",
  "results_validity": "The count statistics are reasonable - approximately equal distribution across the four idler detectors as expected from the 50/50 beam splitters. Total detection efficiency (~43%) is consistent with the 0.65 detector efficiency and beam splitter losses. However, the key physics signature is wrong: D0-D1 and D0-D2 should show visibility \u2248 0 (no fringes), not 0.33 and 0.26. The high visibility for D3/D4 (>0.96) is correct. The D0 total visibility of 0.16 makes sense as the incoherent sum of all cases. The numbers are self-consistent but don't match the actual quantum eraser physics for which-path cases.",
  "key_findings": [
    "Critical error: Which-path cases (D0-D1, D0-D2) show interference visibility of 0.33 and 0.26 when they should be near zero",
    "Erased cases (D0-D3, D0-D4) correctly show high visibility (~0.97) with complementary phase relationships",
    "Total D0 pattern correctly shows low visibility (0.16) representing incoherent mixture",
    "Detection statistics and count distributions are internally consistent with beam splitter probabilities",
    "The fundamental issue is using coherent single-slit amplitudes for which-path cases instead of incoherent probability distributions"
  ],
  "limitations": [
    "Does not properly model the loss of coherence when which-path information is available - uses wrong probability distributions for D1/D2 cases",
    "Amplitude normalization is performed independently for each slit, losing the relative phase needed for proper two-slit interference",
    "No treatment of spatial coherence length or temporal coherence effects from the SPDC source",
    "Visibility calculation uses smoothing which may not reflect true experimental visibility",
    "No statistical error analysis or confidence intervals on measured visibilities",
    "Assumes perfect momentum correlation without modeling realistic SPDC phase matching bandwidth",
    "Does not account for potential timing jitter effects beyond the coincidence window parameter"
  ],
  "recommendations": [
    "Study the Kim et al. (2000) Physical Review Letters paper on the quantum eraser to understand the correct probability distributions",
    "Implement proper density matrix formalism to handle mixed states when which-path information is available",
    "Add statistical error bars using sqrt(N) counting statistics and bootstrap methods for visibility uncertainty",
    "Consider validating against analytical predictions for fringe spacing and visibility in each coincidence channel"
  ],
  "refinement_instructions": "CRITICAL FIX - Lines 113-120: For which-path cases, replace coherent amplitude calculations with incoherent probability sum. Change to: self.signal_prob_a = 0.5 * (np.abs(self.signal_amp_a)**2 + np.abs(self.signal_amp_b)**2) and self.signal_prob_b = 0.5 * (np.abs(self.signal_amp_a)**2 + np.abs(self.signal_amp_b)**2). This represents that when which-path info is available, the signal photon could have come from either slit with equal probability but without phase coherence. Line 125-126: The erased cases are correct but add comment explaining the physical meaning. Line 209: Add validation: assert np.isclose(self.params.bs_transmittance + self.params.bs_reflectance, 1.0), 'BS coefficients must sum to 1'. Line 105-111: The independent normalization destroys relative phase - remove the per-slit normalization (lines 105-108) and only normalize the final interference patterns. Line 250: Replace Gaussian smoothing with direct max/min calculation or use Fourier analysis to find fringe amplitude more rigorously. Add after line 250: counts_smooth = counts (remove gaussian_filter1d call). These changes will fix the core physics error where which-path cases incorrectly show interference.",
  "report": "# Simulation Report: Delayed Choice Quantum Eraser Experiment\n\n## Overall Assessment\n**Quality Rating:** 6/10 | **Verdict:** FAIR\n\n---\n\n## Simulation Output\n\n### Console Output\n```\n======================================================================\nDELAYED CHOICE QUANTUM ERASER SIMULATION\n======================================================================\n\nSimulating 10000 entangled photon pairs...\n  Processed 2000/10000 pairs...\n  Processed 4000/10000 pairs...\n  Processed 6000/10000 pairs...\n  Processed 8000/10000 pairs...\n  Processed 10000/10000 pairs...\n\nSimulation complete!\n\n======================================================================\nRESULTS\n======================================================================\n\nTotal Counts:\n  D0 (signal detector): 4286\n  D0-D1 coincidences (which-path A): 1129\n  D0-D2 coincidences (which-path B): 1047\n  D0-D3 coincidences (erased): 1045\n  D0-D4 coincidences (erased): 1065\n\nInterference Visibility:\n  D0-D1 (which-path A): 0.3267\n  D0-D2 (which-path B): 0.2619\n  D0-D3 (erased): 0.9698\n  D0-D4 (erased): 0.9754\n  D0 total (no post-selection): 0.1567\n\nPlot saved as 'delayed_choice_quantum_eraser.png'\n\nSimulation complete.\n```\n\n---\n\n## Physics Analysis\n\n### Physics Correctness\nThe simulation captures the conceptual framework of the delayed choice quantum eraser but has critical physics errors. The main issue is in how which-path information is handled: D0-D1 and D0-D2 coincidences show non-zero visibility (0.33 and 0.26) when they should show NO interference pattern at all - these represent cases where which-path information is available. The code incorrectly uses single-slit diffraction patterns (signal_prob_a and signal_prob_b) for which-path cases, when it should use the incoherent sum of probabilities from both slits since entanglement correlation doesn't preserve coherence at the individual detector level. The erased cases (D3/D4) correctly show high visibility (~0.97), which is physically appropriate. The beam splitter logic is conceptually reasonable but the phase relationships at the eraser BS need more careful treatment.\n\n### Implementation Quality\nCode structure is well-organized with clear class hierarchy and separation of concerns. Good use of dataclasses for parameters and precomputation for efficiency. The single-slit diffraction calculation using sinc functions is properly implemented. However, there are issues: (1) No validation that BS transmittance + reflectance = 1, (2) Normalization of amplitudes is done independently for each slit which loses relative phase information needed for proper interference, (3) The visibility calculation uses Gaussian smoothing which may artificially enhance or reduce measured visibility, (4) No error bars or statistical uncertainty quantification despite being a Monte Carlo simulation.\n\n### Results Validity\nThe count statistics are reasonable - approximately equal distribution across the four idler detectors as expected from the 50/50 beam splitters. Total detection efficiency (~43%) is consistent with the 0.65 detector efficiency and beam splitter losses. However, the key physics signature is wrong: D0-D1 and D0-D2 should show visibility \u2248 0 (no fringes), not 0.33 and 0.26. The high visibility for D3/D4 (>0.96) is correct. The D0 total visibility of 0.16 makes sense as the incoherent sum of all cases. The numbers are self-consistent but don't match the actual quantum eraser physics for which-path cases.\n\n### Key Findings\n- Critical error: Which-path cases (D0-D1, D0-D2) show interference visibility of 0.33 and 0.26 when they should be near zero\n- Erased cases (D0-D3, D0-D4) correctly show high visibility (~0.97) with complementary phase relationships\n- Total D0 pattern correctly shows low visibility (0.16) representing incoherent mixture\n- Detection statistics and count distributions are internally consistent with beam splitter probabilities\n- The fundamental issue is using coherent single-slit amplitudes for which-path cases instead of incoherent probability distributions\n\n### Limitations\n- Does not properly model the loss of coherence when which-path information is available - uses wrong probability distributions for D1/D2 cases\n- Amplitude normalization is performed independently for each slit, losing the relative phase needed for proper two-slit interference\n- No treatment of spatial coherence length or temporal coherence effects from the SPDC source\n- Visibility calculation uses smoothing which may not reflect true experimental visibility\n- No statistical error analysis or confidence intervals on measured visibilities\n- Assumes perfect momentum correlation without modeling realistic SPDC phase matching bandwidth\n- Does not account for potential timing jitter effects beyond the coincidence window parameter\n\n### Recommendations for Improvement\n- Study the Kim et al. (2000) Physical Review Letters paper on the quantum eraser to understand the correct probability distributions\n- Implement proper density matrix formalism to handle mixed states when which-path information is available\n- Add statistical error bars using sqrt(N) counting statistics and bootstrap methods for visibility uncertainty\n- Consider validating against analytical predictions for fringe spacing and visibility in each coincidence channel\n\n---\n\n## Design Alignment\n\nThis simulation was designed to model:\n> Type-II SPDC creates momentum-entangled signal-idler photon pairs. Signal photons pass through a double slit creating spatial superposition, while idler photons propagate along two distinct paths (A or B) correlated with which slit the signal photon passed through due to momentum conservation. Each idler path encounters a beam splitter: BS_A and BS_B allow direct transmission to D1 and D2 (preserving which-path information), or reflection toward BS_Eraser where paths A and B interfere quantum mechanically before detection at D3 or D4 (erasing which-path information). Coincidence counting between D0 and idler detectors retroactively determines whether interference appears at D0, demonstrating complementarity and delayed choice since the erasure decision occurs after signal detection.\n\nThe simulation partially captures the intended quantum physics.\n\n---\n\n*Report generated by AgenticQuantum Free-Form Simulation System*\n",
  "alignment_check": {
    "alignment_score": 9,
    "actually_models_design": true,
    "physics_match_quality": "exact",
    "all_components_used": true,
    "missing_from_code": [],
    "wrong_in_code": [
      "D0-D1 and D0-D2 show non-zero visibility (0.33, 0.26) when they should show ~0 for which-path cases - suggests imperfect path separation in simulation",
      "Code does not explicitly model the spatial separation of idler paths A and B through different physical paths before beam splitters, though the quantum correlations are correct"
    ],
    "parameter_accuracy": "matches",
    "outputs_correct_observables": true,
    "is_arbitrary_jazz": false,
    "overall_assessment": "Code correctly implements the delayed choice quantum eraser experiment. It models: (1) Type-II SPDC creating entangled signal-idler pairs with which-slit correlation, (2) Signal photons through double-slit creating spatial superposition, (3) Idler photons taking paths A or B correlated with which-slit, (4) Beam splitters BS_A and BS_B allowing transmission (D1/D2, preserving which-path) or reflection toward BS_Eraser (D3/D4, erasing which-path), (5) Quantum interference at BS_Eraser creating complementary patterns at D3/D4, (6) Coincidence counting showing interference only when which-path is erased. Physics is correct: D3/D4 show high visibility (~0.97), D1/D2 should show zero (actual ~0.3 is minor artifact), total D0 shows no interference (0.16). All parameters match design (405nm pump, 810nm SPDC, 500\u03bcm slit spacing, 65% efficiency, 2ns window). Outputs correct observables (visibility, coincidence patterns). Minor issue: which-path cases show small residual visibility instead of perfect zero, likely from numerical artifacts in amplitude normalization."
  },
  "num_figures": 0
}