{
  "rating": 3,
  "verdict": "POOR",
  "physics_correctness": "The fundamental physics model is incorrect. The code shows +14.07 dB squeezing (noise INCREASE) but interprets it as noise reduction. The Hamiltonian H = chi*(a_dag^2 + a^2) is correct for parametric down-conversion, but the chi calculation is catastrophically wrong (chi/kappa = 6.7 billion!), causing the system to be far above threshold despite claiming sub-threshold operation. The squeezing parameter formula r = arctanh(chi/kappa) is only valid for chi << kappa, not chi >> kappa. The state has mean photon number 12.7 and purity 0.0365, indicating a thermal state, not squeezed vacuum. Both quadratures show identical 14 dB anti-squeezing with no actual squeezing in either direction.",
  "implementation_quality": "Code structure is clear and well-commented, with good use of QuTiP library. However, critical calculation errors make the simulation invalid. The chi calculation compounds multiple errors: using intracavity power incorrectly, wrong dimensional analysis, and improper normalization by crystal_length/cavity_length. The threshold calculation yields an absurdly high value (7\u00d710^27 mW). The steadystate solver is used correctly, but with wrong Hamiltonian parameters. No error handling for the unphysical regime (chi >> kappa).",
  "results_validity": "Results are completely unphysical. Squeezing should be NEGATIVE dB (noise reduction), not +14 dB. The coupling ratio chi/kappa = 6.7\u00d710^9 means the system is operating ~7 billion times above the perturbative regime where squeezing theory applies. Mean photon number of 12.7 contradicts 'sub-threshold' operation (should be <<1). Purity of 0.0365 indicates a highly mixed state, not the pure squeezed vacuum expected. The threshold power calculation is wrong by ~30 orders of magnitude. Both quadratures showing identical variance violates the fundamental squeezing property (one squeezed, one anti-squeezed).",
  "key_findings": [
    "Squeezing shows +14.07 dB (noise increase) in both quadratures, not the expected noise reduction",
    "Coupling strength chi is ~7 billion times larger than cavity decay rate kappa, indicating catastrophic parameter error",
    "State purity of 0.0365 reveals highly mixed thermal-like state instead of pure squeezed vacuum",
    "Mean photon number 12.7 contradicts sub-threshold operation claim",
    "Threshold power calculation yields unphysical value of 7.4\u00d710^27 mW"
  ],
  "limitations": [
    "Parametric coupling chi calculation has fundamental dimensional and physical errors",
    "No validation that chi << kappa for perturbative squeezing regime",
    "Squeezing formula r = arctanh(chi/kappa) inapplicable when chi >> kappa",
    "No check that resulting state is actually squeezed rather than thermal",
    "Threshold calculation formula appears incorrect by many orders of magnitude"
  ],
  "recommendations": [
    "Study proper parametric coupling calculation from quantum optics textbooks (Walls & Milburn, Gerry & Knight)",
    "Verify dimensional analysis: chi should have units of frequency (Hz or rad/s)",
    "Implement sanity checks: chi/kappa << 1 for sub-threshold, mean photon number << 1, purity > 0.9",
    "Compare threshold formula against experimental literature values for PPLN OPO systems"
  ],
  "refinement_instructions": "CRITICAL FIXES REQUIRED:\n\n1. Line 70-75: Fix parametric coupling calculation. Replace with:\n```python\n# Proper chi calculation for sub-threshold OPO\n# chi = g * sqrt(n_pump) where g is single-photon coupling\n# For PPLN: g \u2248 d_eff * omega_s / (hbar * n * c * L_cav) * sqrt(hbar*omega_p/(2*eps_0*n*A))\nomega_p = 2 * np.pi * pump_frequency\ng_single_photon = (d_eff * omega_s / (n_crystal * c * cavity_length)) * np.sqrt(hbar * omega_p / (2 * epsilon_0 * n_crystal * mode_area))\nn_pump_intracavity = intracavity_pump_power / (hbar * omega_p * cavity_linewidth)\nchi = g_single_photon * np.sqrt(n_pump_intracavity)\n```\n\n2. Line 78: Fix threshold calculation:\n```python\n# Threshold: chi = kappa\nP_threshold = (kappa**2 * mode_area * epsilon_0 * n_crystal * c * cavity_length**2) / (d_eff**2 * omega_s**2 * cavity_enhancement * T_in)\n```\n\n3. Line 104-105: Fix squeezing parameter calculation:\n```python\n# Only valid for chi << kappa (sub-threshold)\nif chi < 0.5 * kappa:\n    squeezing_param = chi / kappa  # Linear regime approximation\nelse:\n    print(\"ERROR: chi/kappa too large, not in squeezing regime\")\n    squeezing_param = 0\n```\n\n4. Line 120-125: Add validation after state calculation:\n```python\nif mean_photon_number > 1.0:\n    print(\"WARNING: Mean photon number > 1, system not sub-threshold\")\nif purity < 0.8:\n    print(\"WARNING: Low purity, state is not pure squeezed vacuum\")\nif var_X > var_X_vacuum and var_P > var_P_vacuum:\n    print(\"ERROR: Both quadratures anti-squeezed, no squeezing present\")\n```\n\n5. Line 128-135: Fix squeezing sign interpretation:\n```python\n# Squeezing means REDUCED variance (negative dB)\nsqueezing_X_dB = 10 * np.log10(var_X / var_X_vacuum)\nsqueezing_P_dB = 10 * np.log10(var_P / var_P_vacuum)\nif squeezing_X_dB < 0:\n    print(f\"X quadrature squeezed by {abs(squeezing_X_dB):.2f} dB\")\nif squeezing_P_dB < 0:\n    print(f\"P quadrature squeezed by {abs(squeezing_P_dB):.2f} dB\")\n```\n\n6. Line 233-234: Fix validation logic:\n```python\nvalidation_checks.append((\"Squeezing is negative (noise reduction)\", max_squeezing_dB < -0.1))\nvalidation_checks.append((\"Coupling in perturbative regime\", chi/kappa < 0.5))\n```\n\nThese fixes address the fundamental parameter calculation errors causing unphysical results.",
  "report": "# Simulation Report: Squeezed Light Source via Optical Parametric Oscillation\n\n## Overall Assessment\n**Quality Rating:** 3/10 | **Verdict:** POOR\n\n---\n\n## Simulation Output\n\n### Console Output\n```\n======================================================================\nSQUEEZED LIGHT SOURCE VIA OPTICAL PARAMETRIC OSCILLATION\n======================================================================\n\nSYSTEM PARAMETERS:\n----------------------------------------------------------------------\nPump wavelength: 532.0 nm\nSignal wavelength: 1064.0 nm\nPump power: 500.0 mW\nThreshold power: 7369810460282123494380112183296.0 mW\nOperating point: 0.0% of threshold\nLO power: 10.0 mW\nCavity finesse: 43.9\nCavity linewidth: 68.24 MHz\nCavity decay rate kappa: 214.39 MHz\nParametric coupling chi: 1447015498777.951 MHz\nCoupling ratio chi/kappa: 6749603007.8605\nPDH modulation frequency: 15.0 MHz\n\nSQUEEZING PREDICTION:\n----------------------------------------------------------------------\nExpected squeezing parameter r: 0.5000\nTheoretical squeezing: -4.34 dB\n\nSQUEEZED STATE PROPERTIES:\n----------------------------------------------------------------------\nMean photon number: 12.679763\nPhoton number variance: 76.326269\nState purity: 0.0365\n\nQUADRATURE VARIANCES:\n----------------------------------------------------------------------\nVacuum X variance (shot noise): 0.500000\nVacuum P variance (shot noise): 0.500000\nSqueezed X variance: 12.755459\nSqueezed P variance: 12.755459\n\nSQUEEZING LEVELS:\n----------------------------------------------------------------------\nX quadrature squeezing: 14.07 dB\nP quadrature squeezing: 14.07 dB\nMaximum squeezing (optimal phase): 14.07 dB\nMaximum anti-squeezing: 14.07 dB\nOptimal squeezing phase: 225.3 degrees\nOptimal anti-squeezing phase: 134.7 degrees\n\nUNCERTAINTY RELATION:\n----------------------------------------------------------------------\n\u0394X \u00d7 \u0394P = 12.755459\nHeisenberg limit (\u210f/2): 0.500000\nSatisfies uncertainty: True\n\nBALANCED HOMODYNE DETECTION:\n----------------------------------------------------------------------\nQuantum efficiency: 99.0%\nDetector bandwidth: 100 MHz\nShot noise current variance: 1.361e-21 A\u00b2\nSqueezed noise current variance: 3.473e-20 A\u00b2\nAverage squeezing in detection band: 13.64 dB\n\nNOISE SPECTRUM ANALYSIS:\n----------------------------------------------------------------------\nFrequency range: 1.0 kHz to 100 MHz\nSqueezing bandwidth (cavity linewidth): 68.24 MHz\nNoise reduction at low frequencies: 14.07 dB\nNoise at high frequencies: 0.00 dB\n\nPHYSICAL VALIDATION:\n----------------------------------------------------------------------\n\u2717 FAIL: Squeezing is negative (noise reduction)\n\u2713 PASS: Anti-squeezing is positive (noise increase)\n\u2713 PASS: Squeezing realistic (< 15 dB)\n\u2717 FAIL: Squeezing achieved (< -0.5 dB)\n\u2713 PASS: Coupling strength adequate\n\u2713 PASS: Uncertainty relation satisfied\n\u2717 FAIL: State purity reasonable\n\u2717 FAIL: Mean photon number small (sub-threshold)\n\u2713 PASS: Operating below threshold\n\n======================================================================\nSIMULATION COMPLETE\n======================================================================\n\nINTERPRETATION:\nThe sub-threshold OPO generates squeezed vacuum states with quantum noise\nreduction below the shot noise limit in one quadrature, verified by balanced\nhomodyne detection. The squeezing is phase-dependent and limited by cavity\nbandwidth. The uncertainty relation remains satisfied with \u0394X\u00b7\u0394P \u2265 \u210f/2.\n\nCAVITY STABILIZATION:\nPDH locking at 15 MHz maintains cavity resonance for stable squeezing.\nDichroic mirror separates 532nm pump from 1064nm squeezed output.\nTemperature-controlled PPLN crystal at 50\u00b0C ensures phase matching.\n```\n\n### Errors/Warnings\n```\n/home/rithvik/anaconda3/envs/agentic-quantum/lib/python3.9/site-packages/qutip/solver/options.py:16: FutureWarning: Dedicated options class are no longer needed, options should be passed as dict to solvers.\n  warnings.warn(\n```\n\n---\n\n## Physics Analysis\n\n### Physics Correctness\nThe fundamental physics model is incorrect. The code shows +14.07 dB squeezing (noise INCREASE) but interprets it as noise reduction. The Hamiltonian H = chi*(a_dag^2 + a^2) is correct for parametric down-conversion, but the chi calculation is catastrophically wrong (chi/kappa = 6.7 billion!), causing the system to be far above threshold despite claiming sub-threshold operation. The squeezing parameter formula r = arctanh(chi/kappa) is only valid for chi << kappa, not chi >> kappa. The state has mean photon number 12.7 and purity 0.0365, indicating a thermal state, not squeezed vacuum. Both quadratures show identical 14 dB anti-squeezing with no actual squeezing in either direction.\n\n### Implementation Quality\nCode structure is clear and well-commented, with good use of QuTiP library. However, critical calculation errors make the simulation invalid. The chi calculation compounds multiple errors: using intracavity power incorrectly, wrong dimensional analysis, and improper normalization by crystal_length/cavity_length. The threshold calculation yields an absurdly high value (7\u00d710^27 mW). The steadystate solver is used correctly, but with wrong Hamiltonian parameters. No error handling for the unphysical regime (chi >> kappa).\n\n### Results Validity\nResults are completely unphysical. Squeezing should be NEGATIVE dB (noise reduction), not +14 dB. The coupling ratio chi/kappa = 6.7\u00d710^9 means the system is operating ~7 billion times above the perturbative regime where squeezing theory applies. Mean photon number of 12.7 contradicts 'sub-threshold' operation (should be <<1). Purity of 0.0365 indicates a highly mixed state, not the pure squeezed vacuum expected. The threshold power calculation is wrong by ~30 orders of magnitude. Both quadratures showing identical variance violates the fundamental squeezing property (one squeezed, one anti-squeezed).\n\n### Key Findings\n- Squeezing shows +14.07 dB (noise increase) in both quadratures, not the expected noise reduction\n- Coupling strength chi is ~7 billion times larger than cavity decay rate kappa, indicating catastrophic parameter error\n- State purity of 0.0365 reveals highly mixed thermal-like state instead of pure squeezed vacuum\n- Mean photon number 12.7 contradicts sub-threshold operation claim\n- Threshold power calculation yields unphysical value of 7.4\u00d710^27 mW\n\n### Limitations\n- Parametric coupling chi calculation has fundamental dimensional and physical errors\n- No validation that chi << kappa for perturbative squeezing regime\n- Squeezing formula r = arctanh(chi/kappa) inapplicable when chi >> kappa\n- No check that resulting state is actually squeezed rather than thermal\n- Threshold calculation formula appears incorrect by many orders of magnitude\n\n### Recommendations for Improvement\n- Study proper parametric coupling calculation from quantum optics textbooks (Walls & Milburn, Gerry & Knight)\n- Verify dimensional analysis: chi should have units of frequency (Hz or rad/s)\n- Implement sanity checks: chi/kappa << 1 for sub-threshold, mean photon number << 1, purity > 0.9\n- Compare threshold formula against experimental literature values for PPLN OPO systems\n\n---\n\n## Design Alignment\n\nThis simulation was designed to model:\n> A sub-threshold optical parametric oscillator (OPO) operating below threshold generates squeezed vacuum states through degenerate parametric down-conversion in a PPLN crystal. The 532nm pump creates correlated photon pairs at 1064nm within the doubly-resonant cavity, producing quantum noise reduction in one quadrature at the expense of increased noise in the conjugate quadrature. Balanced homodyne detection with a phase-controlled local oscillator measures the quadrature noise spectrum, revealing squeezing below the shot noise limit when the LO phase is optimized. The Pound-Drever-Hall lock maintains cavity resonance for stable squeezing generation using a polarization-based optical circulator scheme.\n\nThe simulation does not adequately capture the intended quantum physics.\n\n---\n\n*Report generated by AgenticQuantum Free-Form Simulation System*\n",
  "alignment_check": {
    "alignment_score": 3,
    "actually_models_design": false,
    "physics_match_quality": "wrong",
    "all_components_used": false,
    "missing_from_code": [
      "PDH lock feedback loop actually affecting cavity resonance",
      "Proper cavity mode structure and resonance conditions",
      "Realistic nonlinear coupling calculation",
      "Proper sub-threshold operation (code shows chi/kappa = 6.7e9, wildly above threshold)",
      "Dichroic mirror wavelength filtering in optical path",
      "Polarization-based optical circulator scheme",
      "Mode matching telescope effect on beam parameters"
    ],
    "wrong_in_code": [
      "Parametric coupling chi = 1.4e15 MHz is physically absurd (should be ~MHz range)",
      "Threshold power = 7.4e30 mW is nonsensical (should be ~mW to W range)",
      "Coupling ratio chi/kappa = 6.7e9 means massively above threshold, contradicts sub-threshold design",
      "Squeezing shows +14.07 dB (ANTI-squeezing) not noise reduction - wrong sign",
      "Mean photon number = 12.68 is not vacuum state - contradicts 'squeezed vacuum' claim",
      "State purity = 0.0365 indicates highly mixed state, not pure squeezed vacuum",
      "Code claims squeezing but all validation checks for actual squeezing FAIL",
      "Nonlinear coupling calculation uses wrong formula - treats chi as rate but calculates field amplitude",
      "Cavity length = 0.05 m arbitrary, not derived from component positions in design",
      "No actual modeling of 532nm pump \u2192 1064nm down-conversion process",
      "Homodyne detection simulation doesn't use actual LO interference, just scales variance"
    ],
    "parameter_accuracy": "wrong",
    "outputs_correct_observables": false,
    "is_arbitrary_jazz": true,
    "overall_assessment": "Code fundamentally fails to simulate the designed experiment. The parametric coupling is calculated incorrectly by ~12 orders of magnitude, making the system operate in an unphysical regime. Results show anti-squeezing (+14 dB noise increase) not squeezing (noise reduction), with mean photon number ~13 contradicting 'squeezed vacuum' claim. The PDH lock, cavity resonance, and actual OPO physics are not properly modeled - just generic QuTiP Hamiltonian evolution with wrong parameters. Four out of nine validation checks FAIL, including the most critical ones (squeezing is negative, state purity reasonable, mean photon number small). This is arbitrary quantum optics code with numbers plugged in, not a simulation of THIS squeezed light source design."
  },
  "self_reflection": {},
  "num_figures": 0
}