{
  "title": "Continuous-Variable Quantum Teleportation with Squeezed States",
  "description": "Teleports coherent state quantum information using EPR-entangled squeezed vacuum beams and homodyne detection with feedforward correction",
  "components": [
    {
      "type": "laser",
      "name": "1064nm Master Laser",
      "x": 0.5,
      "y": 3.0,
      "angle": 0,
      "parameters": {
        "wavelength": 1064,
        "power": 500,
        "linewidth": 10
      }
    },
    {
      "type": "beam_splitter",
      "name": "Main BS",
      "x": 1.5,
      "y": 3.0,
      "angle": 0,
      "parameters": {
        "transmittance": 0.5,
        "type": "cube"
      }
    },
    {
      "type": "phase_shifter",
      "name": "OPA Phase B",
      "x": 2.0,
      "y": 1.5,
      "angle": 0,
      "parameters": {
        "phase_range": 360
      }
    },
    {
      "type": "crystal",
      "name": "OPA Crystal A",
      "x": 2.5,
      "y": 4.5,
      "angle": 0,
      "parameters": {
        "type": "PPLN",
        "interaction": "OPA",
        "length": 10,
        "poling_period": 19.5,
        "phase_matching": "type-I"
      }
    },
    {
      "type": "crystal",
      "name": "OPA Crystal B",
      "x": 2.5,
      "y": 1.5,
      "angle": 0,
      "parameters": {
        "type": "PPLN",
        "interaction": "OPA",
        "length": 10,
        "poling_period": 19.5,
        "phase_matching": "type-I"
      }
    },
    {
      "type": "mirror",
      "name": "Mirror A1",
      "x": 3.5,
      "y": 4.5,
      "angle": -90,
      "parameters": {}
    },
    {
      "type": "mirror",
      "name": "Mirror B1",
      "x": 3.5,
      "y": 1.5,
      "angle": 90,
      "parameters": {}
    },
    {
      "type": "beam_splitter",
      "name": "EPR BS",
      "x": 4.5,
      "y": 3.0,
      "angle": 0,
      "parameters": {
        "transmittance": 0.5,
        "type": "cube"
      }
    },
    {
      "type": "mirror",
      "name": "Alice EPR Mirror",
      "x": 5.5,
      "y": 3.5,
      "angle": 45,
      "parameters": {}
    },
    {
      "type": "mirror",
      "name": "Bob EPR Mirror",
      "x": 5.0,
      "y": 2.0,
      "angle": 0,
      "parameters": {}
    },
    {
      "type": "laser",
      "name": "Input State Laser",
      "x": 0.5,
      "y": 5.0,
      "angle": 0,
      "parameters": {
        "wavelength": 1064,
        "power": 1,
        "linewidth": 10
      }
    },
    {
      "type": "eom",
      "name": "State Modulator",
      "x": 1.5,
      "y": 5.0,
      "angle": 0,
      "parameters": {
        "type": "EOM",
        "frequency": 10,
        "voltage": 100
      }
    },
    {
      "type": "beam_splitter",
      "name": "Bell Measurement BS",
      "x": 6.5,
      "y": 4.5,
      "angle": 0,
      "parameters": {
        "transmittance": 0.5,
        "type": "cube"
      }
    },
    {
      "type": "homodyne_detector",
      "name": "Homodyne X",
      "x": 7.5,
      "y": 5.0,
      "angle": 0,
      "parameters": {
        "type": "homodyne",
        "efficiency": 95,
        "clearance": 10,
        "visibility": 98
      }
    },
    {
      "type": "homodyne_detector",
      "name": "Homodyne P",
      "x": 7.5,
      "y": 4.0,
      "angle": 0,
      "parameters": {
        "type": "homodyne",
        "efficiency": 95,
        "clearance": 10,
        "visibility": 98
      }
    },
    {
      "type": "beam_splitter",
      "name": "LO Splitter",
      "x": 1.5,
      "y": 0.5,
      "angle": 0,
      "parameters": {
        "transmittance": 0.33,
        "type": "cube"
      }
    },
    {
      "type": "mirror",
      "name": "LO Mirror 1",
      "x": 3.0,
      "y": 0.5,
      "angle": 0,
      "parameters": {}
    },
    {
      "type": "mirror",
      "name": "LO Mirror 2",
      "x": 6.0,
      "y": 0.5,
      "angle": 0,
      "parameters": {}
    },
    {
      "type": "beam_splitter",
      "name": "LO BS X",
      "x": 7.0,
      "y": 0.5,
      "angle": 90,
      "parameters": {
        "transmittance": 0.5,
        "type": "cube"
      }
    },
    {
      "type": "phase_shifter",
      "name": "LO Phase X",
      "x": 7.0,
      "y": 1.5,
      "angle": 90,
      "parameters": {
        "phase_range": 360
      }
    },
    {
      "type": "mirror",
      "name": "LO Mirror X",
      "x": 7.0,
      "y": 3.0,
      "angle": 90,
      "parameters": {}
    },
    {
      "type": "beam_splitter",
      "name": "LO BS P",
      "x": 8.0,
      "y": 0.5,
      "angle": 90,
      "parameters": {
        "transmittance": 0.5,
        "type": "cube"
      }
    },
    {
      "type": "phase_shifter",
      "name": "LO Phase P",
      "x": 8.0,
      "y": 1.5,
      "angle": 90,
      "parameters": {
        "phase_range": 360
      }
    },
    {
      "type": "mirror",
      "name": "LO Mirror P",
      "x": 8.0,
      "y": 3.0,
      "angle": 90,
      "parameters": {}
    },
    {
      "type": "mirror",
      "name": "Bob Mirror 1",
      "x": 7.0,
      "y": 2.0,
      "angle": 0,
      "parameters": {}
    },
    {
      "type": "eom",
      "name": "Displacement X",
      "x": 8.5,
      "y": 2.0,
      "angle": 0,
      "parameters": {
        "type": "EOM",
        "frequency": 10,
        "voltage": 200
      }
    },
    {
      "type": "eom",
      "name": "Displacement P",
      "x": 9.0,
      "y": 2.0,
      "angle": 0,
      "parameters": {
        "type": "EOM",
        "frequency": 10,
        "voltage": 200
      }
    },
    {
      "type": "homodyne_detector",
      "name": "Output Verification",
      "x": 9.5,
      "y": 2.0,
      "angle": 0,
      "parameters": {
        "type": "homodyne",
        "efficiency": 95,
        "clearance": 10,
        "visibility": 98
      }
    },
    {
      "type": "beam_splitter",
      "name": "LO BS Out",
      "x": 9.0,
      "y": 0.5,
      "angle": 90,
      "parameters": {
        "transmittance": 0.5,
        "type": "cube"
      }
    },
    {
      "type": "phase_shifter",
      "name": "LO Phase Out",
      "x": 9.0,
      "y": 1.0,
      "angle": 90,
      "parameters": {
        "phase_range": 360
      }
    }
  ],
  "beam_path": [
    [
      [
        0.5,
        3.0
      ],
      [
        1.5,
        3.0
      ],
      [
        2.5,
        4.5
      ],
      [
        3.5,
        4.5
      ],
      [
        4.5,
        4.5
      ],
      [
        4.5,
        3.0
      ],
      [
        5.5,
        3.5
      ],
      [
        6.5,
        4.5
      ],
      [
        7.5,
        5.0
      ]
    ],
    [
      [
        0.5,
        3.0
      ],
      [
        1.5,
        3.0
      ],
      [
        2.5,
        4.5
      ],
      [
        3.5,
        4.5
      ],
      [
        4.5,
        4.5
      ],
      [
        4.5,
        3.0
      ],
      [
        5.5,
        3.5
      ],
      [
        6.5,
        4.5
      ],
      [
        7.5,
        4.0
      ]
    ],
    [
      [
        0.5,
        5.0
      ],
      [
        1.5,
        5.0
      ],
      [
        6.5,
        5.0
      ],
      [
        6.5,
        4.5
      ],
      [
        7.5,
        5.0
      ]
    ],
    [
      [
        0.5,
        5.0
      ],
      [
        1.5,
        5.0
      ],
      [
        6.5,
        5.0
      ],
      [
        6.5,
        4.5
      ],
      [
        7.5,
        4.0
      ]
    ],
    [
      [
        0.5,
        3.0
      ],
      [
        1.5,
        3.0
      ],
      [
        2.0,
        1.5
      ],
      [
        2.5,
        1.5
      ],
      [
        3.5,
        1.5
      ],
      [
        4.5,
        1.5
      ],
      [
        4.5,
        3.0
      ],
      [
        5.0,
        2.0
      ],
      [
        7.0,
        2.0
      ],
      [
        8.5,
        2.0
      ],
      [
        9.0,
        2.0
      ],
      [
        9.5,
        2.0
      ]
    ],
    [
      [
        0.5,
        3.0
      ],
      [
        1.5,
        3.0
      ],
      [
        1.5,
        0.5
      ],
      [
        3.0,
        0.5
      ],
      [
        6.0,
        0.5
      ],
      [
        7.0,
        0.5
      ],
      [
        7.0,
        1.5
      ],
      [
        7.0,
        3.0
      ],
      [
        7.5,
        5.0
      ]
    ],
    [
      [
        6.0,
        0.5
      ],
      [
        8.0,
        0.5
      ],
      [
        8.0,
        1.5
      ],
      [
        8.0,
        3.0
      ],
      [
        7.5,
        4.0
      ]
    ],
    [
      [
        8.0,
        0.5
      ],
      [
        9.0,
        0.5
      ],
      [
        9.0,
        1.0
      ],
      [
        9.5,
        2.0
      ]
    ]
  ],
  "physics_explanation": "Two OPA crystals pumped by the same laser with a 90-degree phase difference generate EPR-entangled squeezed vacuum modes with orthogonal squeezing orientations, creating quantum correlations in position and momentum quadratures. Alice performs a joint Bell measurement on the input coherent state and her EPR mode using two homodyne detectors measuring X and P quadratures. The measurement results are processed by classical feedforward electronics and sent to Bob, who applies displacement operations to his EPR mode. This reconstructs the input state at Bob's location with fidelity exceeding the classical limit of 0.5, demonstrating quantum teleportation of continuous-variable states.",
  "component_justifications": {
    "1064nm Master Laser": "Provides coherent pump light for both OPA crystals, ensuring the generated squeezed modes share phase coherence necessary for EPR entanglement",
    "Main BS": "Splits pump laser to simultaneously drive both OPA crystals with identical phase reference, crucial for creating correlated squeezed states",
    "OPA Phase B": "Introduces 90-degree phase shift to OPA Crystal B pump beam, creating orthogonal squeezing orientation (P-squeezed) relative to Crystal A (X-squeezed), essential for EPR entanglement with \u0394X_A\u00b7\u0394P_B < 1",
    "OPA Crystal A": "Optical parametric amplifier generating position-squeezed vacuum (Alice's EPR mode) through degenerate down-conversion below threshold",
    "OPA Crystal B": "Second OPA generating momentum-squeezed vacuum (Bob's EPR mode) with 90-degree phase offset from Crystal A, creating orthogonal squeezing for proper EPR correlations",
    "Mirror A1": "Directs Alice's squeezed mode toward EPR beam splitter",
    "Mirror B1": "Directs Bob's squeezed mode toward EPR beam splitter",
    "EPR BS": "Creates EPR entanglement by mixing the two orthogonally-squeezed vacuum modes, producing position-momentum entangled beams with \u0394X_A\u00b7\u0394P_B < 1",
    "Alice EPR Mirror": "Routes Alice's EPR mode toward Bell measurement beam splitter where it will interfere with the input state",
    "Bob EPR Mirror": "Directs Bob's EPR mode to await feedforward displacement corrections based on Alice's measurement results",
    "Input State Laser": "Generates weak coherent state |\u03b1\u27e9 to be teleported, encoding quantum information in quadrature amplitudes",
    "State Modulator": "Encodes information onto the input coherent state by modulating its quadratures to create the unknown state to be teleported",
    "Bell Measurement BS": "Combines Alice's EPR mode with the input state for joint measurement, projecting onto Bell-like basis in continuous-variable phase space",
    "Homodyne X": "Measures position quadrature (X) of the combined Alice-input mode, providing first classical measurement result for feedforward",
    "Homodyne P": "Measures momentum quadrature (P) of the combined Alice-input mode, providing complementary measurement result orthogonal to X",
    "LO Splitter": "Divides local oscillator beam from master laser to provide phase references for all three homodyne detectors",
    "LO Mirror 1": "Routes local oscillator beam along bottom of optical table toward homodyne detection regions",
    "LO Mirror 2": "Continues local oscillator path distribution to all three homodyne detectors",
    "LO BS X": "Mixes local oscillator with signal beam for Homodyne X detector, enabling interference-based quadrature measurement",
    "LO Phase X": "Sets measurement quadrature angle for X measurement (0 degrees) by controlling relative phase between LO and signal",
    "LO Mirror X": "Delivers phase-adjusted local oscillator to Homodyne X detector",
    "LO BS P": "Mixes local oscillator with signal beam for Homodyne P detector",
    "LO Phase P": "Sets measurement quadrature angle for P measurement (90 degrees, orthogonal to X) for complementary quadrature measurement",
    "LO Mirror P": "Delivers phase-adjusted local oscillator to Homodyne P detector",
    "Bob Mirror 1": "Routes Bob's EPR mode to displacement modulators where feedforward corrections will be applied",
    "Displacement X": "Applies position displacement to Bob's mode based on Alice's X measurement result, controlled by classical feedforward electronics",
    "Displacement P": "Applies momentum displacement to Bob's mode based on Alice's P measurement result, completing the teleportation protocol",
    "Output Verification": "Homodyne detector to verify teleportation fidelity by measuring quadratures of the reconstructed state and comparing to input",
    "LO BS Out": "Provides local oscillator for output verification homodyne detector",
    "LO Phase Out": "Allows scanning of measurement quadrature to fully characterize the teleported state and reconstruct its Wigner function"
  },
  "expected_outcome": "Teleportation fidelity F > 0.5 (classical limit) is achieved, with F approaching 2/3 for infinite squeezing. With 10dB squeezing, expect F \u2248 0.58-0.62. Quadrature correlation measurements show X_out = X_in and P_out = P_in within quantum noise limits determined by EPR entanglement quality. The EPR variance V_EPR = \u0394X_A\u00b7\u0394P_B < 1 confirms entanglement resource. Scanning the output homodyne phase reconstructs the Wigner function of the teleported state, demonstrating faithful transfer of quantum coherence and verifying that Bob's output state matches Alice's input state."
}