{
  "rating": 4,
  "verdict": "POOR",
  "physics_correctness": "Critical physics errors: (1) Pair generation rate of 6.11e10 pairs/s is unphysical - with conversion_efficiency=1e-7 and 300mW pump, realistic rate should be ~10^4-10^6 pairs/s, not 10^10. The calculation uses pump_photon_rate incorrectly. (2) The physics description claims polarization entanglement arises from 'path indistinguishability after recombination' but the simulation doesn't model any path indistinguishability mechanism - it simply assumes a perfect Bell state exists. (3) No modeling of the actual SPDC process, crystal phase matching, or how the PBS split creates entanglement. (4) The OAM encoding via SLM is mentioned but not simulated - just assumes perfect OAM Bell states. (5) Detection counts of ~2.7 billion per channel in 1 second is absurdly high and physically impossible with realistic detectors.",
  "implementation_quality": "Code structure is clear and well-commented, proper use of QuTiP for state manipulation. However: (1) No validation of physical parameters. (2) The simulation is essentially just tensor product of two ideal Bell states without modeling the actual physics. (3) Missing the core physics: how does PBS splitting + recombination create entanglement? (4) Dark count calculation is simplistic. (5) The coincidence detection doesn't account for timing jitter or multi-pair emission. (6) No error handling for edge cases.",
  "results_validity": "Results are unphysical: (1) Perfect visibility (1.0000) despite detector inefficiency and dark counts is impossible - should be reduced. (2) Pair generation rate 6 orders of magnitude too high. (3) Billions of detection counts per second exceeds detector saturation limits. (4) The CHSH parameter remains at theoretical maximum 2.8284 despite losses, which contradicts the claim of modeling realistic detection. (5) All entanglement measures are perfect (concurrence=1.0, fidelity=1.0) which doesn't match realistic experimental conditions.",
  "key_findings": [
    "Simulation creates perfect hyperentangled states but doesn't model the actual physical mechanism",
    "Pair generation rate calculation is wrong by ~6 orders of magnitude",
    "Detection simulation shows perfect correlations despite including loss parameters",
    "No actual modeling of SPDC phase matching, path indistinguishability, or SLM encoding"
  ],
  "limitations": [
    "Assumes ideal Bell states without deriving them from the experimental setup",
    "No modeling of how PBS splitting and recombination creates polarization entanglement",
    "SLM encoding of OAM states not simulated",
    "Detection model doesn't properly degrade visibility despite losses",
    "Unphysical count rates that exceed detector capabilities",
    "No spatial mode overlap considerations for OAM entanglement"
  ],
  "recommendations": [
    "Study how path-erased SPDC actually creates entanglement (Hong-Ou-Mandel interference, indistinguishability)",
    "Review realistic SPDC pair generation rates for Type-I BBO crystals",
    "Understand how detector losses and dark counts reduce visibility and entanglement measures",
    "Model the actual measurement process including projection onto mixed states"
  ],
  "refinement_instructions": "CRITICAL FIXES REQUIRED:\n\n1. Line 23-24: Fix pair generation rate calculation. Should be:\n   pair_generation_rate = pump_power * conversion_efficiency / (6.626e-34 * 3e8 / wavelength_pump)\n   This gives ~10^5 pairs/s, not 10^10.\n\n2. Lines 69-75: Don't just assume perfect Bell states. Model the actual density matrix after losses:\n   rho_pol_realistic = (1-p_loss) * pol_bell_dm + p_loss * qt.qeye(4)/4\n   where p_loss accounts for decoherence from imperfect indistinguishability.\n\n3. Lines 156-169: Fix detection simulation. The detected state should be a mixed state:\n   detection_fidelity = total_detection_efficiency\n   rho_detected = detection_fidelity * rho_full + (1-detection_fidelity) * qt.qeye(16)/16\n   Then calculate probabilities from this mixed state.\n\n4. Lines 200-210: Visibility calculation must account for reduced purity:\n   visibility_pol = visibility_pol * (total_detection_efficiency**2)\n   Add dark count background: visibility_pol = visibility_pol * signal_to_noise_ratio\n\n5. Line 245: CHSH parameter must be reduced by visibility:\n   S_estimated = 2 + visibility_pol * (S_max_theoretical - 2)\n   Current formula incorrectly maintains maximum violation.\n\n6. Add after line 30:\n   if pair_generation_rate > 1e7:\n       print(f'WARNING: Pair rate {pair_generation_rate:.2e} exceeds realistic values for SPDC')\n\n7. Add realistic detector saturation check after line 180:\n   max_detector_rate = 1e6  # Hz\n   if expected_detections/measurement_time > max_detector_rate:\n       expected_detections = max_detector_rate * measurement_time\n\nThese changes will make the simulation physically realistic and produce credible results.",
  "report": "# Simulation Report: Hyperentangled Photon Source with Polarization and OAM via Cascaded SPDC\n\n## Overall Assessment\n**Quality Rating:** 4/10 | **Verdict:** POOR\n\n---\n\n## Simulation Output\n\n### Console Output\n```\nSimulating 30561424690 photon pairs per crystal arm over 1.0s\nTotal pair generation rate: 6.11e+10 pairs/s\n\nHyperentangled state created:\nPolarization Bell state fidelity with |\u03a6+\u27e9: 1.0000\nOAM Bell state fidelity: 1.0000\n\n=== IDEAL PROBABILITIES (NO LOSSES) ===\n\nP(HH, +\u2113+\u2113) = 0.2500\nP(HH, -\u2113-\u2113) = 0.2500\nP(VV, +\u2113+\u2113) = 0.2500\nP(VV, -\u2113-\u2113) = 0.2500\n\nTotal probability (should be 1.0): 1.000000\n\n=== POLARIZATION ENTANGLEMENT ===\n\nPolarization concurrence: 1.0000\nPolarization fidelity with |\u03a6+\u27e9: 1.0000\n\n=== OAM ENTANGLEMENT ===\n\nOAM concurrence: 1.0000\nOAM fidelity with Bell state: 1.0000\n\n=== REALISTIC DETECTION WITH LOSSES ===\n\nTotal detection efficiency per channel: 59.50%\n\nDetected coincidence counts:\nHH, +\u2113+\u2113: 2704858397 counts\nHH, -\u2113-\u2113: 2704817419 counts\nVV, +\u2113+\u2113: 2704847131 counts\nVV, -\u2113-\u2113: 2704812771 counts\n\nPolarization correlation visibility: 1.0000\nOAM correlation visibility: 1.0000\n\n=== BELL INEQUALITY TEST ===\n\nMaximum CHSH parameter (theoretical): 2.8284\nEstimated CHSH parameter (with losses): 2.8284\nClassical bound: 2.000\nQuantum violation: True\n\n=== SUMMARY ===\n\nHyperentangled photon source characteristics:\n  Pump wavelength: 405 nm\n  Down-converted wavelength: 810 nm\n  Pair generation rate: 6.11e+10 pairs/s\n  OAM charge: \u00b11\n\nPolarization entanglement:\n  Concurrence: 1.0000\n  Fidelity with |\u03a6+\u27e9: 1.0000\n  Visibility: 1.0000\n\nOAM entanglement:\n  Concurrence: 1.0000\n  Fidelity with Bell state: 1.0000\n  Visibility: 1.0000\n\nDetection parameters:\n  Detector efficiency: 70%\n  OAM sorter efficiency: 85%\n  Total efficiency: 59.5%\n  Coincidence window: 500 ps\n\nBell inequality:\n  Estimated CHSH: 2.8284\n  Violation: YES\n\nNote: This simulation models the quantum state generation and measurement\nof hyperentangled photon pairs in polarization and OAM degrees of freedom.\nThe cascaded SPDC configuration with path indistinguishability creates\npolarization entanglement, while SLM encoding creates OAM entanglement.\n```\n\n---\n\n## Physics Analysis\n\n### Physics Correctness\nCritical physics errors: (1) Pair generation rate of 6.11e10 pairs/s is unphysical - with conversion_efficiency=1e-7 and 300mW pump, realistic rate should be ~10^4-10^6 pairs/s, not 10^10. The calculation uses pump_photon_rate incorrectly. (2) The physics description claims polarization entanglement arises from 'path indistinguishability after recombination' but the simulation doesn't model any path indistinguishability mechanism - it simply assumes a perfect Bell state exists. (3) No modeling of the actual SPDC process, crystal phase matching, or how the PBS split creates entanglement. (4) The OAM encoding via SLM is mentioned but not simulated - just assumes perfect OAM Bell states. (5) Detection counts of ~2.7 billion per channel in 1 second is absurdly high and physically impossible with realistic detectors.\n\n### Implementation Quality\nCode structure is clear and well-commented, proper use of QuTiP for state manipulation. However: (1) No validation of physical parameters. (2) The simulation is essentially just tensor product of two ideal Bell states without modeling the actual physics. (3) Missing the core physics: how does PBS splitting + recombination create entanglement? (4) Dark count calculation is simplistic. (5) The coincidence detection doesn't account for timing jitter or multi-pair emission. (6) No error handling for edge cases.\n\n### Results Validity\nResults are unphysical: (1) Perfect visibility (1.0000) despite detector inefficiency and dark counts is impossible - should be reduced. (2) Pair generation rate 6 orders of magnitude too high. (3) Billions of detection counts per second exceeds detector saturation limits. (4) The CHSH parameter remains at theoretical maximum 2.8284 despite losses, which contradicts the claim of modeling realistic detection. (5) All entanglement measures are perfect (concurrence=1.0, fidelity=1.0) which doesn't match realistic experimental conditions.\n\n### Key Findings\n- Simulation creates perfect hyperentangled states but doesn't model the actual physical mechanism\n- Pair generation rate calculation is wrong by ~6 orders of magnitude\n- Detection simulation shows perfect correlations despite including loss parameters\n- No actual modeling of SPDC phase matching, path indistinguishability, or SLM encoding\n\n### Limitations\n- Assumes ideal Bell states without deriving them from the experimental setup\n- No modeling of how PBS splitting and recombination creates polarization entanglement\n- SLM encoding of OAM states not simulated\n- Detection model doesn't properly degrade visibility despite losses\n- Unphysical count rates that exceed detector capabilities\n- No spatial mode overlap considerations for OAM entanglement\n\n### Recommendations for Improvement\n- Study how path-erased SPDC actually creates entanglement (Hong-Ou-Mandel interference, indistinguishability)\n- Review realistic SPDC pair generation rates for Type-I BBO crystals\n- Understand how detector losses and dark counts reduce visibility and entanglement measures\n- Model the actual measurement process including projection onto mixed states\n\n---\n\n## Design Alignment\n\nThis simulation was designed to model:\n> A 405nm pump laser with diagonal polarization is split by PBS into H-polarized (upper path) and V-polarized (lower path) components. Each path contains a Type-I BBO crystal generating degenerate photon pairs at 810nm with identical polarization (HH pairs in upper crystal, VV pairs in lower crystal). The SLMs on each path encode spatial superposition states (|LG+\u2113\u27e9+|LG-\u2113\u27e9)/\u221a2 onto both photons in each pair before the paths recombine at the non-polarizing beam splitter. This creates the hyperentangled state |\u03a8\u27e9 = (|HH\u27e9+|VV\u27e9)/\u221a2 \u2297 (|+\u2113,+\u2113\u27e9+|-\u2113,-\u2113\u27e9)/\u221a2, where polarization entanglement arises from path indistinguishability after recombination and OAM entanglement from correlated spatial mode encoding. The PBS Analysis and OAM sorters enable independent measurement of both degrees of freedom.\n\nThe simulation does not adequately capture the intended quantum physics.\n\n---\n\n*Report generated by AgenticQuantum Free-Form Simulation System*\n",
  "alignment_check": {
    "alignment_score": 9,
    "actually_models_design": true,
    "physics_match_quality": "exact",
    "all_components_used": false,
    "missing_from_code": [
      "Explicit modeling of path indistinguishability mechanism at BS Recombine",
      "Spatial mode structure of LG beams (only abstract qubit representation)",
      "Dichroic mirror filtering of pump light",
      "PBS pump split creating H/V paths",
      "Individual photon routing through upper/lower crystal paths"
    ],
    "wrong_in_code": [
      "Pair generation rate unrealistically high (6.11e10 pairs/s from 300mW pump is ~10^5x too high for typical SPDC)",
      "Dark count contribution negligible compared to signal (should be more significant at these count rates)",
      "Visibility remains 1.0000 despite losses - should degrade with detection efficiency and dark counts"
    ],
    "parameter_accuracy": "realistic_defaults",
    "outputs_correct_observables": true,
    "is_arbitrary_jazz": false,
    "overall_assessment": "Code correctly models the core quantum state of hyperentangled photons in polarization and OAM as described in design. It accurately represents: (1) Bell state entanglement in polarization (|HH\u27e9+|VV\u27e9)/\u221a2, (2) Bell state entanglement in OAM (|+\u2113,+\u2113\u27e9+|-\u2113,-\u2113\u27e9)/\u221a2, (3) tensor product structure creating hyperentanglement, (4) proper measurement projectors for both DOFs, (5) concurrence and fidelity calculations, (6) CHSH inequality test, (7) detection efficiencies from OAM sorters and SPADs. The simulation abstracts away the physical beam paths through crystals/SLMs/beam splitters but correctly captures the resulting quantum state and measurement statistics. Main weaknesses: conversion efficiency too high by orders of magnitude, and visibility should degrade with realistic losses. Despite these quantitative issues, the fundamental physics and quantum state structure match the design exactly."
  },
  "num_figures": 0
}