{
  "rating": 8,
  "verdict": "GOOD",
  "physics_correctness": "The quantum mechanics is correctly implemented. Jones vectors for polarization states are accurate (H, V, +45\u00b0, -45\u00b0). Projection operators using outer products are proper quantum formalism. Measurement probabilities calculated via Born rule |<\u03c8|\u03c6>|\u00b2 are correct. The 50% error rate for mismatched bases is the correct quantum prediction. Eavesdropper simulation properly shows ~25% QBER for intercept-resend attack (Eve introduces errors when her basis differs from Alice's, and Bob's basis differs from Eve's resent state). The no-cloning theorem is implicitly demonstrated - Eve cannot copy the state without measurement-induced disturbance. Basis sifting correctly discards ~50% of detections.",
  "implementation_quality": "Code is well-structured with clear sections and comprehensive documentation. Proper use of numpy for quantum state vectors and complex arithmetic. Random number generation is appropriate for probabilistic quantum measurements. The simulation correctly separates quantum channel effects (transmission loss) from measurement apparatus (detector efficiency, dark counts). Good separation of concerns: state preparation, transmission, measurement, classical post-processing. Error estimation via sacrificial bits (15%) is realistic. Binary entropy calculation for privacy amplification is correct. Minor issue: the eavesdropping simulation uses different transmission efficiency model (0.5 factor twice) which makes direct comparison slightly inconsistent, but this doesn't affect the core demonstration.",
  "results_validity": "All results are physically reasonable. QBER of 0% in ideal case is expected for perfect apparatus. The 49.09% error rate for mismatched bases closely matches theoretical 50%. Sifting efficiency of 21.97% matches expected 22.08% (0.5 basis matching \u00d7 0.631 transmission \u00d7 0.70 detection). Eve's QBER of 24.51% matches theoretical ~25% for intercept-resend (0.5 \u00d7 0.5 = 0.25 from double basis mismatch probability). Final secure key length of 1868 bits from 10000 photons (18.68% efficiency) is realistic for this parameter regime. The 11% QBER security threshold is standard for BB84. Channel loss of 0.631 transmission over 10km at 0.2 dB/km is correct: 10^(-2/10) = 0.631.",
  "key_findings": [
    "Correctly demonstrates BB84 protocol with proper quantum state preparation and measurement",
    "Accurately shows 50% error rate for mismatched bases, validating quantum measurement postulates",
    "Eavesdropping detection works as expected: QBER increases from 0% to 24.51% under intercept-resend attack",
    "Sifting efficiency matches theoretical predictions within statistical fluctuations",
    "Privacy amplification using binary entropy is properly implemented",
    "All quantum mechanical predictions (Born rule probabilities, basis-dependent outcomes) are correctly modeled"
  ],
  "limitations": [
    "Simulation assumes perfect polarization state preparation - real sources have imperfect extinction ratios",
    "No modeling of polarization mode dispersion in fiber which causes basis drift over long distances",
    "Dark counts are modeled but detector afterpulsing is not included",
    "No simulation of multi-photon events from imperfect single-photon sources (photon number splitting attack vulnerability)",
    "Classical error correction protocols (Cascade, LDPC) are not simulated, only information-theoretic cost via entropy",
    "Finite-key effects not considered - security analysis assumes asymptotic limit",
    "No modeling of temporal/spatial mode mismatch at detectors"
  ],
  "recommendations": [
    "For educational purposes, consider adding visualization of polarization states on Poincar\u00e9 sphere",
    "Could add PNS (Photon Number Splitting) attack simulation to show decoy-state protocol motivation",
    "Consider implementing actual error correction (e.g., Cascade protocol) rather than just theoretical entropy cost",
    "Add finite-key security analysis for realistic key lengths",
    "Could model time-varying channel effects (temperature-induced birefringence) for more realism"
  ],
  "refinement_instructions": "Code quality is good. The physics is correctly implemented and results are valid. Only minor enhancement suggestions: (1) In the eavesdropping simulation (lines after 'EAVESDROPPING ATTACK SIMULATION'), consider using the same transmission model as the main simulation for direct comparability - replace the two 'transmission_efficiency * 0.5' checks with a single 'transmission_efficiency' check to represent the full channel. (2) Could add a comment explaining why mismatched basis gives 50% error: when Alice sends |H\u27e9 and Bob measures in diagonal basis, he gets |+45\u00b0\u27e9 or |-45\u00b0\u27e9 with equal probability 0.5, which maps randomly to bits. (3) The expected QBER calculation on line with 'expected_qber_intrinsic' could include a note that this is dominated by dark counts in low-loss regime.",
  "report": "# Simulation Report: BB84 Quantum Key Distribution System\n\n## Overall Assessment\n**Quality Rating:** 8/10 | **Verdict:** GOOD\n\n---\n\n## Simulation Output\n\n### Console Output\n```\n======================================================================\nBB84 QUANTUM KEY DISTRIBUTION SIMULATION\n======================================================================\n\nSimulation Parameters:\n  Number of photons: 10000\n  Wavelength: 850 nm\n  Fiber length: 10 km\n  Channel transmission: 0.6310\n  Detector efficiency: 70.00%\n  Beam splitter ratio: 50:50\n\n======================================================================\nBASIS SIFTING AND KEY GENERATION\n======================================================================\n\nPhotons sent by Alice: 10000\nPhotons detected by Bob: 4395\nSifted key length (matching bases): 2197\n\nError Estimation:\n  Test bits used: 329\n  Errors found: 0\n  QBER (Quantum Bit Error Rate): 0.0000 (0.00%)\n  Final key length (after error estimation): 1868\n\n======================================================================\nSECURITY ANALYSIS\n======================================================================\n\nExpected intrinsic QBER (no eavesdropper): 0.000001\nMeasured QBER: 0.000000\n\n\u2713 QBER below security threshold (11%)\n  Key is secure (no significant eavesdropping detected)\n\n======================================================================\nKEY RATE ANALYSIS\n======================================================================\n\nSifting efficiency: 0.2197\nExpected sifting efficiency: 0.2208\n\nPrivacy amplification:\n  Binary entropy h(QBER): 0.0000\n  Net rate per sifted bit: 1.0000\n  Final secure key length: 1868 bits\n\n======================================================================\nQUANTUM MECHANICS VERIFICATION\n======================================================================\n\nMatching basis events: 2197\n  Error rate: 0.0000 (0.00%)\n  (Should be ~0% in ideal case)\n\nMismatched basis events: 2198\n  Error rate: 0.4909 (49.09%)\n  (Should be ~50% due to quantum measurement disturbance)\n\n======================================================================\nEAVESDROPPING ATTACK SIMULATION\n======================================================================\n\nSimulating intercept-resend attack by Eve...\n  Sifted bits with eavesdropper: 355\n  QBER with eavesdropper: 0.2451 (24.51%)\n  Expected QBER with intercept-resend: ~25%\n\n  \u2713 Eavesdropping detected! QBER significantly increased.\n\n======================================================================\nSIMULATION SUMMARY\n======================================================================\n\nWithout eavesdropper:\n  Total photons sent: 10000\n  Sifted key length: 2197\n  QBER: 0.0000 (0.00%)\n  Secure key length: 1868 bits\n  Security status: SECURE\n\nKey physical principles demonstrated:\n  \u2713 Quantum state preparation in 4 polarization states\n  \u2713 Random basis selection via beam splitter\n  \u2713 Basis sifting reduces raw key by ~50%\n  \u2713 Matching basis: low error rate\n  \u2713 Mismatched basis: ~50% random outcomes\n  \u2713 Eavesdropping introduces detectable errors (QBER increase)\n  \u2713 No-cloning theorem prevents copying quantum states\n\n======================================================================\nBB84 SIMULATION COMPLETE\n======================================================================\n```\n\n---\n\n## Physics Analysis\n\n### Physics Correctness\nThe quantum mechanics is correctly implemented. Jones vectors for polarization states are accurate (H, V, +45\u00b0, -45\u00b0). Projection operators using outer products are proper quantum formalism. Measurement probabilities calculated via Born rule |<\u03c8|\u03c6>|\u00b2 are correct. The 50% error rate for mismatched bases is the correct quantum prediction. Eavesdropper simulation properly shows ~25% QBER for intercept-resend attack (Eve introduces errors when her basis differs from Alice's, and Bob's basis differs from Eve's resent state). The no-cloning theorem is implicitly demonstrated - Eve cannot copy the state without measurement-induced disturbance. Basis sifting correctly discards ~50% of detections.\n\n### Implementation Quality\nCode is well-structured with clear sections and comprehensive documentation. Proper use of numpy for quantum state vectors and complex arithmetic. Random number generation is appropriate for probabilistic quantum measurements. The simulation correctly separates quantum channel effects (transmission loss) from measurement apparatus (detector efficiency, dark counts). Good separation of concerns: state preparation, transmission, measurement, classical post-processing. Error estimation via sacrificial bits (15%) is realistic. Binary entropy calculation for privacy amplification is correct. Minor issue: the eavesdropping simulation uses different transmission efficiency model (0.5 factor twice) which makes direct comparison slightly inconsistent, but this doesn't affect the core demonstration.\n\n### Results Validity\nAll results are physically reasonable. QBER of 0% in ideal case is expected for perfect apparatus. The 49.09% error rate for mismatched bases closely matches theoretical 50%. Sifting efficiency of 21.97% matches expected 22.08% (0.5 basis matching \u00d7 0.631 transmission \u00d7 0.70 detection). Eve's QBER of 24.51% matches theoretical ~25% for intercept-resend (0.5 \u00d7 0.5 = 0.25 from double basis mismatch probability). Final secure key length of 1868 bits from 10000 photons (18.68% efficiency) is realistic for this parameter regime. The 11% QBER security threshold is standard for BB84. Channel loss of 0.631 transmission over 10km at 0.2 dB/km is correct: 10^(-2/10) = 0.631.\n\n### Key Findings\n- Correctly demonstrates BB84 protocol with proper quantum state preparation and measurement\n- Accurately shows 50% error rate for mismatched bases, validating quantum measurement postulates\n- Eavesdropping detection works as expected: QBER increases from 0% to 24.51% under intercept-resend attack\n- Sifting efficiency matches theoretical predictions within statistical fluctuations\n- Privacy amplification using binary entropy is properly implemented\n- All quantum mechanical predictions (Born rule probabilities, basis-dependent outcomes) are correctly modeled\n\n### Limitations\n- Simulation assumes perfect polarization state preparation - real sources have imperfect extinction ratios\n- No modeling of polarization mode dispersion in fiber which causes basis drift over long distances\n- Dark counts are modeled but detector afterpulsing is not included\n- No simulation of multi-photon events from imperfect single-photon sources (photon number splitting attack vulnerability)\n- Classical error correction protocols (Cascade, LDPC) are not simulated, only information-theoretic cost via entropy\n- Finite-key effects not considered - security analysis assumes asymptotic limit\n- No modeling of temporal/spatial mode mismatch at detectors\n\n### Recommendations for Improvement\n- For educational purposes, consider adding visualization of polarization states on Poincar\u00e9 sphere\n- Could add PNS (Photon Number Splitting) attack simulation to show decoy-state protocol motivation\n- Consider implementing actual error correction (e.g., Cascade protocol) rather than just theoretical entropy cost\n- Add finite-key security analysis for realistic key lengths\n- Could model time-varying channel effects (temperature-induced birefringence) for more realism\n\n---\n\n## Design Alignment\n\nThis simulation was designed to model:\n> Alice's encoder prepares single photons in one of four polarization states (H, V, +45\u00b0, -45\u00b0) by randomly selecting basis (rectilinear or diagonal) and bit value (0 or 1). The 50:50 beam splitter at Bob's side randomly routes photons to either rectilinear measurement (PBS measuring H/V directly) or diagonal measurement (HWP rotation followed by PBS). After transmission, Alice and Bob use the classical channel to publicly compare basis choices and retain only matching-basis events (basis sifting). Security relies on quantum no-cloning theorem: any eavesdropper measuring the photons introduces detectable errors (increased QBER) due to measurement-induced disturbance, as measuring in the wrong basis projects the state randomly and destroys the original information.\n\nThe simulation successfully captures the intended quantum physics.\n\n---\n\n*Report generated by AgenticQuantum Free-Form Simulation System*\n",
  "alignment_check": {
    "alignment_score": 9,
    "actually_models_design": true,
    "physics_match_quality": "exact",
    "all_components_used": true,
    "missing_from_code": [],
    "wrong_in_code": [
      "HWP rotation angle implementation could be more explicit - design specifies 22.5\u00b0 HWP but code uses Jones vector projection which is correct but less transparent",
      "Dark count probability (1e-6 per pulse) is assumed rather than calculated from specified 100 Hz rate and actual pulse rate"
    ],
    "parameter_accuracy": "matches",
    "outputs_correct_observables": true,
    "is_arbitrary_jazz": false,
    "overall_assessment": "Code accurately models the BB84 protocol as designed. All key physics elements are present: (1) Four polarization state preparation (H,V,+45,-45) using Jones vectors matching alice_encoding map, (2) 50:50 beam splitter for random basis selection at Bob's side, (3) Proper quantum measurement using projection operators for both rectilinear (H/V) and diagonal (+45/-45) bases, (4) Basis sifting keeping only matching-basis events, (5) QBER calculation for eavesdropping detection, (6) Demonstrates ~50% error rate for mismatched bases (quantum measurement disturbance), (7) Shows ~25% QBER increase under intercept-resend attack. Parameters match design: 850nm wavelength, 10km fiber with 0.2dB/km loss, 70% detector efficiency, 100Hz dark counts, 50:50 BS. The code correctly calculates transmission efficiency (0.6310 from 2dB total loss), implements proper quantum state collapse during measurement, and outputs correct BB84 observables (sifting efficiency ~22%, QBER, secure key rate). The eavesdropping simulation properly demonstrates the no-cloning theorem security basis. Minor issues are implementation details that don't affect physics accuracy."
  },
  "num_figures": 0
}