{
  "rating": 3,
  "verdict": "POOR",
  "physics_correctness": "The physics intent is correct - EIT in a Lambda system with quantum interference creating a dark state. However, the implementation has critical flaws: (1) The steady-state density matrix solution is incomplete and incorrectly normalized. The formula used doesn't properly account for atomic populations and uses an ad-hoc normalization factor (Omega_p/Gamma) without justification. (2) The susceptibility calculation for dispersion is incorrect - it uses the coherence directly rather than the proper relationship chi = -N*d^2*rho_13/(epsilon_0*hbar*E). (3) The optical depth scaling factor of 0.01 is arbitrary and destroys the physical meaning - it makes the medium essentially transparent regardless of EIT. (4) The two-photon resonance condition is mentioned but the coupling laser detuning is fixed at zero, which doesn't properly demonstrate the resonance condition.",
  "implementation_quality": "Code is well-structured with good documentation and parameter definitions. Uses appropriate libraries (scipy, numpy). However, critical implementation errors: (1) The lambda_system_steady_state function doesn't solve the full density matrix equations - it only computes one coherence element without proper population dynamics. (2) The normalization scheme (multiplying by OD_resonant * 0.01) is physically incorrect and arbitrary. (3) No validation that the steady-state solution converges or is physically meaningful. (4) The group velocity calculation uses gradient of phase shift but doesn't properly compute the refractive index from susceptibility. (5) Missing proper treatment of the two-photon detuning scan - should vary delta_coupling relative to delta_probe.",
  "results_validity": "The results are unphysical and demonstrate the implementation is broken: (1) Transmission is 1.0 (100%) both WITH and WITHOUT the coupling laser - this means no absorption at all, which contradicts the stated optical depth of 43.57. (2) Zero EIT contrast (0.00%) means the simulation shows no EIT effect whatsoever. (3) Zero group velocity reduction (factor = 1.00) means no slow light effect. (4) The transparency enhancement is 1.0x, meaning no enhancement. (5) The transmission range [0.9846, 1.0000] indicates essentially no absorption even though OD_resonant = 43.57 should give transmission ~ exp(-43.57) \u2248 10^-19 without EIT. The 0.01 scaling factor made the medium artificially transparent. These results show the simulation completely failed to demonstrate EIT.",
  "key_findings": [
    "Simulation shows 100% transmission both with and without coupling laser - no EIT effect demonstrated",
    "Zero EIT contrast and zero group velocity reduction indicate complete simulation failure",
    "Arbitrary 0.01 scaling factor destroys physical optical depth, making medium transparent regardless of quantum interference",
    "Dark state composition is correctly calculated (99% in |F=2\u27e9) but has no effect on transmission due to broken absorption calculation",
    "Doppler broadening (323 MHz) properly dominates natural linewidth (6 MHz) for warm vapor"
  ],
  "limitations": [
    "Density matrix solution is incomplete - doesn't solve full Lindblad master equation for populations and coherences",
    "No proper treatment of saturation effects or power broadening",
    "Fixed coupling detuning prevents demonstration of two-photon resonance condition",
    "Arbitrary normalization destroys quantitative accuracy",
    "No time-dependent dynamics - only steady state",
    "Doesn't account for transit-time broadening in warm vapor",
    "Missing proper susceptibility-to-refractive-index conversion for group velocity"
  ],
  "recommendations": [
    "Study proper density matrix formalism for three-level systems (e.g., Scully & Zubairy Chapter 7)",
    "Implement full optical Bloch equations with populations rho_11, rho_22, rho_33 and all coherences",
    "Remove arbitrary scaling factors - let optical depth determine transmission naturally",
    "Validate against experimental EIT papers (e.g., Harris et al. Phys. Rev. Lett. 1990) for realistic parameter ranges"
  ],
  "refinement_instructions": "CRITICAL FIXES REQUIRED:\n\n1. Line 102-125 (lambda_system_steady_state function): Replace entire function with proper density matrix solution. Use the correct steady-state formula for Lambda-EIT:\n   rho_13 = -i*(Omega_p/2)*(gamma_12 + i*delta_c) / [(gamma_13 + i*delta_p)*(gamma_12 + i*delta_c) + |Omega_c|^2/4]\n   where gamma_12 is ground state coherence decay, gamma_13 = Gamma/2 + i*delta_p.\n   Remove the ad-hoc multiplication by (Omega_p/Gamma).\n\n2. Line 157-159: Remove the 0.01 scaling factor:\n   Change: absorption_with_coupling_normalized = absorption_with_coupling * OD_resonant * 0.01\n   To: absorption_with_coupling_normalized = absorption_with_coupling * OD_resonant\n   (same for without_coupling)\n\n3. Line 96-98: Reduce optical depth to realistic value for observable EIT:\n   Change: n_atoms = 2e16\n   To: n_atoms = 1e15  # atoms/m^3 for OD ~ 2-5\n   This gives observable EIT without saturation.\n\n4. Line 110-112: Fix susceptibility calculation in lambda_system_steady_state:\n   After computing rho_13, calculate absorption as:\n   absorption = (n_atoms * omega_probe * d^2 / (hbar * epsilon_0 * c)) * np.imag(rho_13)\n   This gives absorption coefficient alpha, then use alpha*L for optical depth.\n\n5. Line 202-206: Fix group velocity calculation:\n   chi_real = (n_atoms * d^2 / (epsilon_0 * hbar)) * np.real(rho_13) / E_probe\n   n_refr = 1 + chi_real / 2\n   dn_domega = np.gradient(n_refr, delta_probe_scan)\n   v_g = c / (n_refr + omega_probe * dn_domega)\n\n6. Line 130: Add two-photon detuning scan:\n   Create inner loop: for delta_c in [-10e6*2*pi, 0, 10e6*2*pi] to show two-photon resonance condition.\n\n7. Line 85-88: Fix Rabi frequency calculation - include Clebsch-Gordan coefficients:\n   Omega_p = (d * E_probe / hbar) * CG_coefficient_13  # CG ~ 0.5-0.7 for specific transitions\n   Omega_c = (d * E_coupling / hbar) * CG_coefficient_23\n\n8. Add validation check after Line 161:\n   if np.max(transmission_with_coupling) - np.max(transmission_without_coupling) < 0.01:\n       print('ERROR: No EIT effect observed. Check normalization and optical depth.')\n       exit()\n\nThese changes will produce physical results showing actual EIT transparency window with ~10-100x transmission enhancement and measurable group velocity reduction.",
  "report": "# Simulation Report: Electromagnetically Induced Transparency (EIT) in Warm Rb-87 Vapor\n\n## Overall Assessment\n**Quality Rating:** 3/10 | **Verdict:** POOR\n\n---\n\n## Simulation Output\n\n### Console Output\n```\n=== EIT Simulation for Rb-87 Vapor ===\n\nLaser Parameters:\nProbe power: 0.50 mW\nCoupling power: 50.00 mW\nProbe Rabi frequency: 31.36 MHz\nCoupling Rabi frequency: 313.57 MHz\nNatural linewidth: 6.00 MHz\n\nDoppler broadening:\nThermal velocity: 252.34 m/s\nDoppler width (FWHM): 323.52 MHz\n\nVapor Cell Parameters:\nTemperature: 60.0 \u00b0C\nCell length: 75.0 mm\nAtomic density: 2.00e+16 atoms/m^3\nEffective cross-section: 2.90e-14 m^2\nResonant optical depth: 43.57\n\n=== Scanning Probe Detuning ===\n\n=== EIT Window Characteristics ===\nMaximum transmission with EIT: 1.0000\nMinimum transmission without coupling: 1.0000\nTransparency enhancement: 1.00x\nEIT contrast: 0.00%\nEIT window width (FWHM): 200.00 MHz\nExpected width (~ Omega_c): 313.57 MHz\n\n=== Group Velocity Effects ===\nMaximum group delay derivative: 0.00e+00 s\nGroup velocity: 3.00e+08 m/s\nGroup velocity reduction factor: 1.00e+00\n\n=== Dark State Composition ===\nDark state |D\u27e9 = 0.9950|F=2\u27e9 - 0.0995|F=1\u27e9\nPopulation in |F=2\u27e9: 0.9901\nPopulation in |F=1\u27e9: 0.0099\n\n=== Physical Validation ===\nTransmission range: [0.9846, 1.0000]\nAll transmissions in [0,1]: True\nEIT enhancement reasonable (<100x): True\nCoupling Rabi > Probe Rabi (required for EIT): True\nDoppler width > Natural linewidth: True\n\n=== Quantum Interference Summary ===\nEIT demonstrates quantum interference between two excitation pathways:\n  Path 1: |F=1\u27e9 --probe--> |5P_3/2\u27e9\n  Path 2: |F=2\u27e9 --coupling--> |5P_3/2\u27e9\n\nAt two-photon resonance, destructive interference creates:\n  - Dark state that cannot absorb probe photons\n  - Transparency window of width 200.00 MHz\n  - 1.0x enhancement in transmission\n  - Group velocity reduction to 3.00e+08 m/s (1x slower than c)\n\nWhen coupling laser is blocked (Omega_c = 0):\n  - No quantum interference\n  - Normal absorption restored (transmission = 1.0000)\n\nPlot saved as 'eit_simulation.png'\n\n=== Simulation Complete ===\n```\n\n### Generated Figures\n\nThis simulation produced 1 figure(s). See the `figures/` folder:\n\n- **Figure 1:** `figures/figure_01.png`\n\n---\n\n## Physics Analysis\n\n### Physics Correctness\nThe physics intent is correct - EIT in a Lambda system with quantum interference creating a dark state. However, the implementation has critical flaws: (1) The steady-state density matrix solution is incomplete and incorrectly normalized. The formula used doesn't properly account for atomic populations and uses an ad-hoc normalization factor (Omega_p/Gamma) without justification. (2) The susceptibility calculation for dispersion is incorrect - it uses the coherence directly rather than the proper relationship chi = -N*d^2*rho_13/(epsilon_0*hbar*E). (3) The optical depth scaling factor of 0.01 is arbitrary and destroys the physical meaning - it makes the medium essentially transparent regardless of EIT. (4) The two-photon resonance condition is mentioned but the coupling laser detuning is fixed at zero, which doesn't properly demonstrate the resonance condition.\n\n### Implementation Quality\nCode is well-structured with good documentation and parameter definitions. Uses appropriate libraries (scipy, numpy). However, critical implementation errors: (1) The lambda_system_steady_state function doesn't solve the full density matrix equations - it only computes one coherence element without proper population dynamics. (2) The normalization scheme (multiplying by OD_resonant * 0.01) is physically incorrect and arbitrary. (3) No validation that the steady-state solution converges or is physically meaningful. (4) The group velocity calculation uses gradient of phase shift but doesn't properly compute the refractive index from susceptibility. (5) Missing proper treatment of the two-photon detuning scan - should vary delta_coupling relative to delta_probe.\n\n### Results Validity\nThe results are unphysical and demonstrate the implementation is broken: (1) Transmission is 1.0 (100%) both WITH and WITHOUT the coupling laser - this means no absorption at all, which contradicts the stated optical depth of 43.57. (2) Zero EIT contrast (0.00%) means the simulation shows no EIT effect whatsoever. (3) Zero group velocity reduction (factor = 1.00) means no slow light effect. (4) The transparency enhancement is 1.0x, meaning no enhancement. (5) The transmission range [0.9846, 1.0000] indicates essentially no absorption even though OD_resonant = 43.57 should give transmission ~ exp(-43.57) \u2248 10^-19 without EIT. The 0.01 scaling factor made the medium artificially transparent. These results show the simulation completely failed to demonstrate EIT.\n\n### Key Findings\n- Simulation shows 100% transmission both with and without coupling laser - no EIT effect demonstrated\n- Zero EIT contrast and zero group velocity reduction indicate complete simulation failure\n- Arbitrary 0.01 scaling factor destroys physical optical depth, making medium transparent regardless of quantum interference\n- Dark state composition is correctly calculated (99% in |F=2\u27e9) but has no effect on transmission due to broken absorption calculation\n- Doppler broadening (323 MHz) properly dominates natural linewidth (6 MHz) for warm vapor\n\n### Limitations\n- Density matrix solution is incomplete - doesn't solve full Lindblad master equation for populations and coherences\n- No proper treatment of saturation effects or power broadening\n- Fixed coupling detuning prevents demonstration of two-photon resonance condition\n- Arbitrary normalization destroys quantitative accuracy\n- No time-dependent dynamics - only steady state\n- Doesn't account for transit-time broadening in warm vapor\n- Missing proper susceptibility-to-refractive-index conversion for group velocity\n\n### Recommendations for Improvement\n- Study proper density matrix formalism for three-level systems (e.g., Scully & Zubairy Chapter 7)\n- Implement full optical Bloch equations with populations rho_11, rho_22, rho_33 and all coherences\n- Remove arbitrary scaling factors - let optical depth determine transmission naturally\n- Validate against experimental EIT papers (e.g., Harris et al. Phys. Rev. Lett. 1990) for realistic parameter ranges\n\n---\n\n## Design Alignment\n\nThis simulation was designed to model:\n> The experiment creates a three-level \u039b-system in Rb-87 atoms where both the probe and coupling lasers (780nm D2 line) couple different ground state hyperfine levels 5S_1/2(F=1) and 5S_1/2(F=2) to the same excited state 5P_3/2. Quantum interference between the two excitation pathways creates a coherent dark state |D\u27e9 = (\u03a9c|F=1\u27e9 - \u03a9p|F=2\u27e9)/\u221a(|\u03a9c|\u00b2 + |\u03a9p|\u00b2) that cannot absorb probe photons. When both lasers satisfy the two-photon resonance condition (\u03b4_probe + \u03b4_coupling = 0), destructive interference eliminates absorption and the medium becomes transparent to the probe (EIT window), accompanied by steep dispersion causing dramatic group velocity reduction. The transparency width is determined by the coupling Rabi frequency \u03a9c, and the effect vanishes when the coupling laser is blocked, restoring normal absorption.\n\nThe simulation does not adequately capture the intended quantum physics.\n\n---\n\n*Report generated by AgenticQuantum Free-Form Simulation System*\n",
  "alignment_check": {
    "alignment_score": 3,
    "actually_models_design": false,
    "physics_match_quality": "wrong",
    "all_components_used": false,
    "missing_from_code": [
      "Beam combiner optics - code assumes beams are already combined",
      "Polarization control (polarizers, quarter-wave plate) - not modeled",
      "Lock-in amplifier detection scheme - code only calculates steady-state transmission",
      "Frequency scanning and stabilization system - code scans but doesn't model actual laser control",
      "Temperature controller effects on atomic density - uses fixed density",
      "Probe filter to block coupling laser - not modeled",
      "Actual beam propagation and overlap geometry",
      "Modulation of coupling laser for lock-in detection"
    ],
    "wrong_in_code": [
      "CRITICAL: Transmission is 1.0 (100%) both with and without coupling - no EIT effect observed",
      "CRITICAL: Optical depth calculation produces OD=43.57 but transmission=1.0, which is physically impossible (should be T=exp(-43.57)\u224810^-19)",
      "Normalization factor of 0.01 artificially reduces optical depth to make transmission physical, destroying the EIT effect",
      "Dark state formula appears incorrect - should be (\u03a9c|F=1\u27e9 - \u03a9p|F=2\u27e9) but code uses opposite",
      "Lambda system susceptibility formula may not correctly implement EIT physics - produces no transparency window",
      "Atomic density of 2\u00d710^16 atoms/m^3 at 60\u00b0C is unrealistic (should be ~10^11-10^12 atoms/cm^3 = 10^17-10^18 atoms/m^3)",
      "Effective cross-section reduced by factor of 0.1 with comment 'for Lambda system' - arbitrary and unjustified",
      "Group velocity calculation shows no reduction (v_g = c, reduction factor = 1) - EIT's main feature missing",
      "EIT window width (200 MHz) doesn't match coupling Rabi frequency (313.57 MHz) - should be approximately equal",
      "Zero EIT contrast (0.00%) means no observable effect"
    ],
    "parameter_accuracy": "realistic_defaults",
    "outputs_correct_observables": false,
    "is_arbitrary_jazz": true,
    "overall_assessment": "Code attempts to model EIT physics but FAILS to produce the actual phenomenon. The simulation shows 100% transmission everywhere with no transparency window, no group velocity reduction, and 0% EIT contrast. The core issue is incorrect normalization that destroys the optical depth, making the vapor cell effectively transparent at all frequencies. This completely defeats the purpose of EIT demonstration - the medium should be opaque without coupling laser and transparent with it. The code has correct structure (Lambda system density matrix) but wrong implementation details cause total failure to reproduce the designed experiment's observable: a narrow transparency window at two-photon resonance."
  },
  "self_reflection": {},
  "num_figures": 1
}