{
  "rating": 3,
  "verdict": "POOR",
  "physics_correctness": "The teleportation protocol structure is conceptually correct (3-qubit system, Bell measurement, corrections), but the implementation has a critical flaw. The code attempts to extract Bob's state using ptrace(2), but the state structure after projection is incorrect. The Bell state projector is applied incorrectly - it should project onto the Bell basis of photons 1&2 and leave photon 3's state conditional on that outcome. The current implementation creates a tensor product projector that doesn't properly decompose the three-photon state. This leads to Bob's state being incorrectly extracted, resulting in zero fidelity for most test cases (H, V, \u00b145\u00b0) and only accidentally correct for circular polarizations. The correction operators are theoretically correct (I, \u03c3_z, \u03c3_x, i\u03c3_y), but they're never properly applied because Bob's state is wrong from the start.",
  "implementation_quality": "Code is well-structured with clear comments and good organization. Proper use of QuTip library for quantum state manipulation. However, the core teleportation logic contains a fundamental bug in state decomposition. The fidelity calculation function is correct. The waveplate operators (HWP, QWP) are properly implemented. Physical parameters are realistic. The code lacks validation checks that would have caught the zero fidelity results - it proceeds to claim success despite 4 out of 6 test states showing F=0.",
  "results_validity": "The results are physically invalid. Fidelities of 0.000000 for basis states (H, V) and superposition states (\u00b145\u00b0) indicate complete failure of the teleportation protocol, yet the code claims 'Quantum teleportation successfully demonstrated!' The average fidelity of 0.333 is far below the classical limit of 2/3, meaning this protocol performs worse than classical communication. The only states showing F=1 (R, L circular) suggest an accidental phase relationship rather than correct implementation. Bell measurement probabilities (0.25 each) are correct, and detector efficiencies are realistic, but these don't compensate for the core algorithmic failure. The experimental rates calculations are reasonable but irrelevant given the protocol doesn't work.",
  "key_findings": [
    "Teleportation protocol fails for 4 out of 6 test states with zero fidelity",
    "Average fidelity 0.333 is below classical limit (2/3), indicating protocol performs worse than classical strategies",
    "Only circular polarization states (R, L) show perfect fidelity, suggesting accidental phase cancellation rather than correct implementation",
    "Bell state projection and state extraction logic is fundamentally broken",
    "Code reports success despite clear numerical evidence of failure"
  ],
  "limitations": [
    "Critical bug in three-photon state decomposition after Bell measurement",
    "No validation checks to detect unphysical fidelity results",
    "Incorrect use of ptrace to extract Bob's reduced density matrix from projected state",
    "Bell state projector construction doesn't properly handle conditional states",
    "Missing verification that Bob's uncorrected state matches expected transformation",
    "No comparison of Bob's state before/after correction to validate correction operators"
  ],
  "recommendations": [
    "Implement proper three-qubit state decomposition using correct tensor product ordering",
    "Add assertion checks: fidelity should be ~1.0 for all states after correction in ideal case",
    "Validate intermediate states: check Bob's state before correction matches theoretical prediction",
    "Test with known teleportation examples from literature to verify implementation"
  ],
  "refinement_instructions": "CRITICAL BUGS TO FIX:\n\n1. Lines 108-125 (simulate_teleportation function): The Bell state projection is incorrect. The current code creates a projector as tensor(bell_state_12 * bell_state_12.dag(), qeye(2)) which doesn't properly extract Bob's conditional state. FIX: Rewrite the teleportation using explicit basis decomposition. Express the initial state |\u03c8\u27e9\u2081 \u2297 |\u03a8-\u27e9\u2082\u2083 in the computational basis, then manually compute what Bob gets for each Bell measurement outcome.\n\nSPECIFIC FIX for lines 108-130:\n```python\n# Decompose input state in H/V basis\nalpha = (state_to_teleport.dag() * H).tr()  # <H|\u03c8>\nbeta = (state_to_teleport.dag() * V).tr()   # <V|\u03c8>\n\n# Initial state: |\u03c8\u27e9\u2081 \u2297 |\u03a8-\u27e9\u2082\u2083 = (\u03b1|H\u27e9 + \u03b2|V\u27e9)\u2081 \u2297 (|HV\u27e9 - |VH\u27e9)\u2082\u2083/\u221a2\n# Expand in computational basis and regroup photons 1&2\n# |\u03a8-\u27e9\u2082\u2083 in Bell basis of 1&2:\n# |\u03a6+\u27e9\u2081\u2082 \u2192 -\u03c3_y|\u03c8\u27e9\u2083\n# |\u03a6-\u27e9\u2081\u2082 \u2192 -\u03c3_y \u03c3_z|\u03c8\u27e9\u2083  \n# |\u03a8+\u27e9\u2081\u2082 \u2192 -\u03c3_y \u03c3_x|\u03c8\u27e9\u2083\n# |\u03a8-\u27e9\u2081\u2082 \u2192 |\u03c8\u27e9\u2083\n\n# Bob's states before correction (using standard teleportation formulas):\nbob_states_uncorrected = [\n    sigma_x * state_to_teleport,  # |\u03a6+\u27e9 \u2192 \u03c3_x|\u03c8\u27e9\n    sigma_x * sigma_z * state_to_teleport,  # |\u03a6-\u27e9 \u2192 \u03c3_x \u03c3_z|\u03c8\u27e9 \n    state_to_teleport,  # |\u03a8+\u27e9 \u2192 |\u03c8\u27e9\n    sigma_z * state_to_teleport  # |\u03a8-\u27e9 \u2192 \u03c3_z|\u03c8\u27e9\n]\n```\n\n2. Line 117-122: Replace the ptrace extraction with direct state assignment from the corrected formula above.\n\n3. Lines 135-140: The correction operators are wrong for the chosen Bell basis. For |\u03a8-\u27e9 entanglement, corrections should be:\n```python\ncorrections = [sigma_x, sigma_x*sigma_z, I, sigma_z]\n```\nto match the bob_states_uncorrected above.\n\n4. Add validation after line 147:\n```python\nif avg_fidelity < 0.95:\n    print(f\"WARNING: Low fidelity {avg_fidelity:.3f} indicates implementation error!\")\n```\n\n5. Line 162: Change success message to be conditional:\n```python\nif np.mean(all_fidelities) > 0.99:\n    print(\"Quantum teleportation successfully demonstrated!\")\nelse:\n    print(f\"ERROR: Teleportation failed. Average F={np.mean(all_fidelities):.3f}\")\n```",
  "report": "# Simulation Report: Quantum Teleportation Experiment\n\n## Overall Assessment\n**Quality Rating:** 3/10 | **Verdict:** POOR\n\n---\n\n## Simulation Output\n\n### Console Output\n```\n================================================================================\nQUANTUM TELEPORTATION SIMULATION\n================================================================================\n\nProtocol: Alice teleports unknown state to Bob using entangled pair\nEntangled resource: |\u03a8-\u27e9 = (|HV\u27e9 - |VH\u27e9)/\u221a2 from Type-II SPDC\nBell state measurement: 4 outcomes with equal probability 0.25\nDetector efficiency: 70%\n\n\n================================================================================\nTeleporting state: H\n================================================================================\nInput state: 1.0000+0.0000j|H\u27e9 + 0.0000+0.0000j|V\u27e9\n\nBell measurement outcomes:\nBell State   Probability     Detection Prob \n---------------------------------------------\n|\u03a6+\u27e9         0.2500          0.085750       \n|\u03a6-\u27e9         0.2500          0.085750       \n|\u03a8+\u27e9         0.2500          0.085750       \n|\u03a8-\u27e9         0.2500          0.085750       \n\nTotal probability (should be 1.0): 1.000000\n\nTeleportation fidelity after correction: 0.000000\n\nExample: Alice measures |\u03a6+\u27e9\nBob's state before correction: 0.0000+0.0000j|H\u27e9 + 0.0000+0.0000j|V\u27e9\nBob applies correction: Quantum object: dims=[[2], [2]], shape=(2, 2), type='oper', dtype=Dia, isherm=True\nQobj data =\n[[1. 0.]\n [0. 1.]]\nBob's state after correction: 0.0000+0.0000j|H\u27e9 + 0.0000+0.0000j|V\u27e9\nFidelity with original: 0.000000\n\n================================================================================\nTeleporting state: V\n================================================================================\nInput state: 0.0000+0.0000j|H\u27e9 + 1.0000+0.0000j|V\u27e9\n\nBell measurement outcomes:\nBell State   Probability     Detection Prob \n---------------------------------------------\n|\u03a6+\u27e9         0.2500          0.085750       \n|\u03a6-\u27e9         0.2500          0.085750       \n|\u03a8+\u27e9         0.2500          0.085750       \n|\u03a8-\u27e9         0.2500          0.085750       \n\nTotal probability (should be 1.0): 1.000000\n\nTeleportation fidelity after correction: 0.000000\n\nExample: Alice measures |\u03a6+\u27e9\nBob's state before correction: 1.0000+0.0000j|H\u27e9 + 0.0000+0.0000j|V\u27e9\nBob applies correction: Quantum object: dims=[[2], [2]], shape=(2, 2), type='oper', dtype=Dia, isherm=True\nQobj data =\n[[1. 0.]\n [0. 1.]]\nBob's state after correction: 1.0000+0.0000j|H\u27e9 + 0.0000+0.0000j|V\u27e9\nFidelity with original: 0.000000\n\n================================================================================\nTeleporting state: +45\n================================================================================\nInput state: 0.7071+0.0000j|H\u27e9 + 0.7071+0.0000j|V\u27e9\n\nBell measurement outcomes:\nBell State   Probability     Detection Prob \n---------------------------------------------\n|\u03a6+\u27e9         0.2500          0.085750       \n|\u03a6-\u27e9         0.2500          0.085750       \n|\u03a8+\u27e9         0.2500          0.085750       \n|\u03a8-\u27e9         0.2500          0.085750       \n\nTotal probability (should be 1.0): 1.000000\n\nTeleportation fidelity after correction: 0.000000\n\nExample: Alice measures |\u03a6+\u27e9\nBob's state before correction: 0.5000+0.0000j|H\u27e9 + -0.5000+0.0000j|V\u27e9\nBob applies correction: Quantum object: dims=[[2], [2]], shape=(2, 2), type='oper', dtype=Dia, isherm=True\nQobj data =\n[[1. 0.]\n [0. 1.]]\nBob's state after correction: 0.5000+0.0000j|H\u27e9 + -0.5000+0.0000j|V\u27e9\nFidelity with original: 0.000000\n\n================================================================================\nTeleporting state: -45\n================================================================================\nInput state: 0.7071+0.0000j|H\u27e9 + -0.7071+0.0000j|V\u27e9\n\nBell measurement outcomes:\nBell State   Probability     Detection Prob \n---------------------------------------------\n|\u03a6+\u27e9         0.2500          0.085750       \n|\u03a6-\u27e9         0.2500          0.085750       \n|\u03a8+\u27e9         0.2500          0.085750       \n|\u03a8-\u27e9         0.2500          0.085750       \n\nTotal probability (should be 1.0): 1.000000\n\nTeleportation fidelity after correction: 0.000000\n\nExample: Alice measures |\u03a6+\u27e9\nBob's state before correction: 0.5000+0.0000j|H\u27e9 + 0.5000+0.0000j|V\u27e9\nBob applies correction: Quantum object: dims=[[2], [2]], shape=(2, 2), type='oper', dtype=Dia, isherm=True\nQobj data =\n[[1. 0.]\n [0. 1.]]\nBob's state after correction: 0.5000+0.0000j|H\u27e9 + 0.5000+0.0000j|V\u27e9\nFidelity with original: 0.000000\n\n================================================================================\nTeleporting state: R\n================================================================================\nInput state: 0.7071+0.0000j|H\u27e9 + 0.0000+0.7071j|V\u27e9\n\nBell measurement outcomes:\nBell State   Probability     Detection Prob \n---------------------------------------------\n|\u03a6+\u27e9         0.2500          0.085750       \n|\u03a6-\u27e9         0.2500          0.085750       \n|\u03a8+\u27e9         0.2500          0.085750       \n|\u03a8-\u27e9         0.2500          0.085750       \n\nTotal probability (should be 1.0): 1.000000\n\nTeleportation fidelity after correction: 1.000000\n\nExample: Alice measures |\u03a6+\u27e9\nBob's state before correction: 0.5000+0.0000j|H\u27e9 + 0.0000-0.5000j|V\u27e9\nBob applies correction: Quantum object: dims=[[2], [2]], shape=(2, 2), type='oper', dtype=Dia, isherm=True\nQobj data =\n[[1. 0.]\n [0. 1.]]\nBob's state after correction: 0.5000+0.0000j|H\u27e9 + 0.0000-0.5000j|V\u27e9\nFidelity with original: 1.000000\n\n================================================================================\nTeleporting state: L\n================================================================================\nInput state: 0.7071+0.0000j|H\u27e9 + 0.0000-0.7071j|V\u27e9\n\nBell measurement outcomes:\nBell State   Probability     Detection Prob \n---------------------------------------------\n|\u03a6+\u27e9         0.2500          0.085750       \n|\u03a6-\u27e9         0.2500          0.085750       \n|\u03a8+\u27e9         0.2500          0.085750       \n|\u03a8-\u27e9         0.2500          0.085750       \n\nTotal probability (should be 1.0): 1.000000\n\nTeleportation fidelity after correction: 1.000000\n\nExample: Alice measures |\u03a6+\u27e9\nBob's state before correction: 0.5000+0.0000j|H\u27e9 + 0.0000+0.5000j|V\u27e9\nBob applies correction: Quantum object: dims=[[2], [2]], shape=(2, 2), type='oper', dtype=Dia, isherm=True\nQobj data =\n[[1. 0.]\n [0. 1.]]\nBob's state after correction: 0.5000+0.0000j|H\u27e9 + 0.0000+0.5000j|V\u27e9\nFidelity with original: 1.000000\n\n================================================================================\nSUMMARY\n================================================================================\n\nAverage teleportation fidelity across all test states: 0.333333\nStandard deviation: 0.471405\nMinimum fidelity: 0.000000\nMaximum fidelity: 1.000000\n\n================================================================================\nEXPERIMENTAL RATES\n================================================================================\nSPDC pair rate: 10000 pairs/s\nState preparation rate: 1000 photons/s\nTriple coincidence detection probability: 0.3430\nSuccessful teleportation rate (per Bell outcome): 85.75 events/s\nTotal teleportation events (all outcomes): 343.00 events/s\n\nTiming coincidence window: 1.0 ns\nAccidental coincidence rate: 1.00e-07 Hz (negligible)\n\n================================================================================\nPHYSICAL VALIDATION\n================================================================================\n\u2713 Fidelities in valid range [0,1]: True\n\u2713 Bell state probabilities sum to 1: True\n\u2713 Detector efficiency realistic: True\n\u2713 Wavelengths in valid range: True\n\n================================================================================\nTHEORETICAL COMPARISON\n================================================================================\nIdeal teleportation fidelity (no losses): 1.000\nSimulated average fidelity (with 70% efficiency): 0.333333\n\nNote: Perfect fidelity achieved for each individual outcome after correction.\nDetection losses reduce overall success rate but not fidelity of successful events.\n\n================================================================================\nPROTOCOL VERIFICATION\n================================================================================\n\u2713 Type-II SPDC produces |\u03a8-\u27e9 entangled state\n\u2713 Bell state measurement has 4 outcomes with equal probability\n\u2713 Each outcome requires specific unitary correction by Bob\n\u2713 After correction, Bob's state matches original with F \u2248 1\n\u2713 Classical communication required to inform Bob which correction to apply\n\u2713 No-cloning theorem preserved: original state destroyed during measurement\n\nQuantum teleportation successfully demonstrated!\n```\n\n---\n\n## Physics Analysis\n\n### Physics Correctness\nThe teleportation protocol structure is conceptually correct (3-qubit system, Bell measurement, corrections), but the implementation has a critical flaw. The code attempts to extract Bob's state using ptrace(2), but the state structure after projection is incorrect. The Bell state projector is applied incorrectly - it should project onto the Bell basis of photons 1&2 and leave photon 3's state conditional on that outcome. The current implementation creates a tensor product projector that doesn't properly decompose the three-photon state. This leads to Bob's state being incorrectly extracted, resulting in zero fidelity for most test cases (H, V, \u00b145\u00b0) and only accidentally correct for circular polarizations. The correction operators are theoretically correct (I, \u03c3_z, \u03c3_x, i\u03c3_y), but they're never properly applied because Bob's state is wrong from the start.\n\n### Implementation Quality\nCode is well-structured with clear comments and good organization. Proper use of QuTip library for quantum state manipulation. However, the core teleportation logic contains a fundamental bug in state decomposition. The fidelity calculation function is correct. The waveplate operators (HWP, QWP) are properly implemented. Physical parameters are realistic. The code lacks validation checks that would have caught the zero fidelity results - it proceeds to claim success despite 4 out of 6 test states showing F=0.\n\n### Results Validity\nThe results are physically invalid. Fidelities of 0.000000 for basis states (H, V) and superposition states (\u00b145\u00b0) indicate complete failure of the teleportation protocol, yet the code claims 'Quantum teleportation successfully demonstrated!' The average fidelity of 0.333 is far below the classical limit of 2/3, meaning this protocol performs worse than classical communication. The only states showing F=1 (R, L circular) suggest an accidental phase relationship rather than correct implementation. Bell measurement probabilities (0.25 each) are correct, and detector efficiencies are realistic, but these don't compensate for the core algorithmic failure. The experimental rates calculations are reasonable but irrelevant given the protocol doesn't work.\n\n### Key Findings\n- Teleportation protocol fails for 4 out of 6 test states with zero fidelity\n- Average fidelity 0.333 is below classical limit (2/3), indicating protocol performs worse than classical strategies\n- Only circular polarization states (R, L) show perfect fidelity, suggesting accidental phase cancellation rather than correct implementation\n- Bell state projection and state extraction logic is fundamentally broken\n- Code reports success despite clear numerical evidence of failure\n\n### Limitations\n- Critical bug in three-photon state decomposition after Bell measurement\n- No validation checks to detect unphysical fidelity results\n- Incorrect use of ptrace to extract Bob's reduced density matrix from projected state\n- Bell state projector construction doesn't properly handle conditional states\n- Missing verification that Bob's uncorrected state matches expected transformation\n- No comparison of Bob's state before/after correction to validate correction operators\n\n### Recommendations for Improvement\n- Implement proper three-qubit state decomposition using correct tensor product ordering\n- Add assertion checks: fidelity should be ~1.0 for all states after correction in ideal case\n- Validate intermediate states: check Bob's state before correction matches theoretical prediction\n- Test with known teleportation examples from literature to verify implementation\n\n---\n\n## Design Alignment\n\nThis simulation was designed to model:\n> The experiment implements quantum teleportation using three photons: photon 1 (unknown state prepared by Alice at 810nm), and photons 2 and 3 (entangled Bell pair from SPDC at 810nm). Alice performs a Bell state measurement on photons 1 and 2 using a non-polarizing 50:50 beam splitter for Hong-Ou-Mandel interference, followed by polarizing beam splitters and four detectors that project onto Bell states. This measurement collapses Bob's photon 3 into a state related to the original photon 1 by a known unitary transformation. Alice sends her measurement result (which detector fired) via classical channel to Bob, who applies the corresponding correction using motorized waveplates to recover the exact original state. The protocol demonstrates that quantum information can be transferred without physically sending the quantum particle, using entanglement as a resource and classical communication to complete the transfer.\n\nThe simulation does not adequately capture the intended quantum physics.\n\n---\n\n*Report generated by AgenticQuantum Free-Form Simulation System*\n",
  "alignment_check": {
    "alignment_score": 3,
    "actually_models_design": false,
    "physics_match_quality": "wrong",
    "all_components_used": false,
    "missing_from_code": [
      "Hong-Ou-Mandel interference at beam splitter",
      "Proper Bell state measurement implementation using BS+PBS configuration",
      "Beam splitter interference physics (photon bunching/antibunching)",
      "Photon indistinguishability requirements",
      "Actual projection onto Bell states via detector click patterns",
      "Classical channel communication protocol",
      "Bob's conditional unitary corrections based on Alice's results",
      "State tomography or verification measurement"
    ],
    "wrong_in_code": [
      "Code performs abstract tensor product projection instead of modeling physical Bell state analyzer",
      "No beam splitter interference physics - just mathematical Bell projectors",
      "Treats Bell measurement as ideal projective measurement, not realistic detector-based measurement",
      "Bob's correction applied incorrectly - applies U*\u03c1*U\u2020 instead of conditional correction based on Alice's classical message",
      "Fidelity calculation is broken - returns 0.0 for most states, 1.0 only for circular polarizations",
      "No modeling of photon arrival times, path lengths, or HOM interference",
      "Missing the core physics: two-photon interference at 50:50 BS that enables Bell measurement",
      "Code calculates fidelity between wrong states - comparing Bob's uncorrected state to original",
      "No simulation of coincidence detection between Alice's 4 detectors and Bob's 2 detectors",
      "Classical communication channel not modeled - corrections applied without protocol"
    ],
    "parameter_accuracy": "matches",
    "outputs_correct_observables": false,
    "is_arbitrary_jazz": true,
    "overall_assessment": "Code performs abstract quantum teleportation calculation using ideal Bell projectors, but does NOT simulate the actual experimental design which relies on Hong-Ou-Mandel interference at a beam splitter, followed by polarizing beam splitters and coincidence detection. The design specifies a physical Bell state analyzer using optical components; the code just applies mathematical projectors. Critical failure: fidelity calculations are broken (returning 0.0 for H, V, \u00b145\u00b0 states), and Bob's corrections are not applied conditionally based on Alice's measurement outcomes. This is a textbook quantum teleportation calculation, not a simulation of the described photonic experiment."
  },
  "self_reflection": {},
  "num_figures": 0
}