{
  "rating": 6,
  "verdict": "FAIR",
  "physics_correctness": "The simulation correctly models quantum interference in a Mach-Zehnder interferometer with proper beam splitter matrices and phase evolution. However, there's a critical error: the beam splitter matrix convention is inconsistent. The code uses a symmetric matrix [[1, i], [i, 1]]/\u221a2, but applies it twice (at BS1 and BS2) which doesn't preserve the standard MZI behavior. A 50/50 beam splitter should map input state [a,b] to [(a+ib)/\u221a2, (ia+b)/\u221a2]. The double application with the same matrix creates unexpected phase relationships. The visibility of 1.0 at detector 1 with minimum intensity exactly zero suggests perfect destructive interference, which is correct for an ideal lossless MZI, but the energy conservation check fails because the code doesn't properly account for how losses should be applied.",
  "implementation_quality": "Code is well-structured with clear sections, good documentation, and comprehensive output. The use of numpy for quantum state operations is appropriate. However, there are logical issues: (1) Mirror losses are applied to amplitudes before the phase scan loop, but this creates a single fixed loss rather than properly modeling the interferometer, (2) The 'expected_max' calculation is incorrect - it doesn't match the actual beam splitter transformation, (3) Energy conservation validation uses wrong expected values, (4) No error handling for division by zero in visibility calculation when intensities might be zero.",
  "results_validity": "The complementary interference patterns are physically correct (I1 + I2 = constant), and visibility values are in the valid [0,1] range. However, several red flags: (1) The energy conservation ratio of 0.8415 fails the simulation's own validity check (0.3-0.6 range), suggesting the expected value calculation is wrong, (2) Detector 1 shows minimum intensity of exactly 0.00e+00, which is suspicious - with 2% mirror losses, perfect destructive interference shouldn't occur, (3) The 'expected_max' value (6.70e+15) is exactly half the simulated max (1.34e+16), indicating a factor-of-2 error in the theoretical prediction, (4) At \u03c6=0, D1 should be maximum for the standard MZI convention, but the simulation shows it's zero - this suggests the phase convention or beam splitter matrix needs review.",
  "key_findings": [
    "Correctly implements quantum interference with complex amplitudes and proper visibility calculation",
    "Successfully demonstrates complementary behavior with total intensity variation ~5e-16",
    "Achieves near-perfect visibility (>0.999) consistent with low-loss interferometer",
    "Properly uses beam splitter transformation matrices for quantum state evolution"
  ],
  "limitations": [
    "Energy conservation check fails due to incorrect theoretical prediction formula",
    "Mirror losses applied incorrectly - should account for both mirrors in each arm and the round-trip",
    "Perfect destructive interference (I_min = 0) is unphysical given 1% mirror losses per reflection",
    "Beam splitter convention may not match standard MZI textbook treatment",
    "No consideration of coherence length or temporal effects despite linewidth parameter being defined",
    "Detector efficiency applied inconsistently - should affect energy conservation calculation"
  ],
  "recommendations": [
    "Verify beam splitter matrix convention against standard quantum optics references (e.g., Gerry & Knight)",
    "Recalculate expected output intensities accounting for all losses: 2 mirrors \u00d7 2 beam splitters \u00d7 detector efficiency",
    "Add validation that minimum intensity with realistic losses should be small but non-zero",
    "Include uncertainty analysis or shot noise effects given the photon flux is calculated"
  ],
  "refinement_instructions": "Line 84-85: Mirror losses are applied incorrectly. Each arm has one mirror, so losses should be: upper_arm_amplitude *= np.sqrt(mirror_upper_reflectivity) and lower_arm_amplitude *= np.sqrt(mirror_lower_reflectivity). This is actually correct, but the issue is that beam splitters also have losses not accounted for.\n\nLine 110-111: Expected_max calculation is wrong. Should be: expected_max = photon_flux * bs1_transmittance * mirror_upper_reflectivity * bs2_transmittance * detector1_efficiency (or use 0.5 for each BS if ideal). Current formula doesn't account for BS2.\n\nLine 127-128: Energy conservation expected value is incorrect. Should sum contributions from both arms: expected_output = input_photon_rate * 0.5 * (mirror_upper_reflectivity + mirror_lower_reflectivity) * 0.5 * detector1_efficiency, which gives ~6.6e+15, but average output is 1.34e+16. The issue is detector efficiency is being double-counted.\n\nLine 102-103: Detector efficiency should not be applied to intensities here. Intensities represent photon rates at the detector; efficiency should only affect the expected output calculation for comparison. Remove '* detector1_efficiency' and '* detector2_efficiency' from lines 102-103.\n\nLine 133: Energy conservation check range [0.3, 0.6] is arbitrary and wrong. With 99% mirrors and 85% detectors, expect ratio around 0.99*0.99*0.85 \u2248 0.85. Change to: 0.7 < output_photon_rate_avg/input_photon_rate < 0.9.",
  "report": "# Simulation Report: Mach-Zehnder Interferometer\n\n## Overall Assessment\n**Quality Rating:** 6/10 | **Verdict:** FAIR\n\n---\n\n## Simulation Output\n\n### Console Output\n```\n============================================================\nMACH-ZEHNDER INTERFEROMETER SIMULATION\n============================================================\n\nInput Parameters:\n  Wavelength: 632.8 nm\n  Laser power: 5.0 mW\n  Photon flux: 1.59e+16 photons/s\n  Photon energy: 3.14e-19 J\n\nAfter BS1:\n  Upper arm amplitude: 8.92e+07\n  Lower arm amplitude: 8.92e+07\n  Upper arm phase: 0.000 rad\n  Lower arm phase: 1.571 rad\n\n============================================================\nINTERFERENCE RESULTS\n============================================================\n\nDetector 1 (Transmission Port):\n  Maximum intensity: 1.34e+16 photons/s\n  Minimum intensity: 0.00e+00 photons/s\n  Visibility: 1.0000\n\nDetector 2 (Reflection Port):\n  Maximum intensity: 1.34e+16 photons/s\n  Minimum intensity: 3.37e+12 photons/s\n  Visibility: 0.9995\n\nComplementarity Check:\n  Total intensity variation: 5.03e-16\n  (Should be ~0 for ideal complementary outputs)\n\nTheoretical vs Simulated (Detector 1):\n  Expected max (approx): 6.70e+15 photons/s\n  Simulated max: 1.34e+16 photons/s\n\nInterference Pattern Analysis:\n  At \u03c6=0: D1=0.00e+00, D2=1.34e+16\n  At \u03c6=\u03c0: D1=1.34e+16, D2=3.37e+12\n  Ratio D1(0)/D1(\u03c0): 0.00\n\nEnergy Conservation:\n  Input photon rate: 1.59e+16 photons/s\n  Average output rate: 1.34e+16 photons/s\n  Expected (with losses): 6.63e+15 photons/s\n  Conservation ratio: 0.8415\n\n============================================================\nPHYSICAL VALIDITY CHECKS\n============================================================\n  Visibility in valid range [0,1]: True\n  Intensities non-negative: True\n  Complementary behavior: True\n  Energy conserved (within losses): False\n\nPlot saved as 'mach_zehnder_interference.png'\n\n============================================================\nSIMULATION COMPLETE\n============================================================\n```\n\n### Generated Figures\nThis simulation produced 1 figure(s). See visualizations below.\n\n---\n\n## Physics Analysis\n\n### Physics Correctness\nThe simulation correctly models quantum interference in a Mach-Zehnder interferometer with proper beam splitter matrices and phase evolution. However, there's a critical error: the beam splitter matrix convention is inconsistent. The code uses a symmetric matrix [[1, i], [i, 1]]/\u221a2, but applies it twice (at BS1 and BS2) which doesn't preserve the standard MZI behavior. A 50/50 beam splitter should map input state [a,b] to [(a+ib)/\u221a2, (ia+b)/\u221a2]. The double application with the same matrix creates unexpected phase relationships. The visibility of 1.0 at detector 1 with minimum intensity exactly zero suggests perfect destructive interference, which is correct for an ideal lossless MZI, but the energy conservation check fails because the code doesn't properly account for how losses should be applied.\n\n### Implementation Quality\nCode is well-structured with clear sections, good documentation, and comprehensive output. The use of numpy for quantum state operations is appropriate. However, there are logical issues: (1) Mirror losses are applied to amplitudes before the phase scan loop, but this creates a single fixed loss rather than properly modeling the interferometer, (2) The 'expected_max' calculation is incorrect - it doesn't match the actual beam splitter transformation, (3) Energy conservation validation uses wrong expected values, (4) No error handling for division by zero in visibility calculation when intensities might be zero.\n\n### Results Validity\nThe complementary interference patterns are physically correct (I1 + I2 = constant), and visibility values are in the valid [0,1] range. However, several red flags: (1) The energy conservation ratio of 0.8415 fails the simulation's own validity check (0.3-0.6 range), suggesting the expected value calculation is wrong, (2) Detector 1 shows minimum intensity of exactly 0.00e+00, which is suspicious - with 2% mirror losses, perfect destructive interference shouldn't occur, (3) The 'expected_max' value (6.70e+15) is exactly half the simulated max (1.34e+16), indicating a factor-of-2 error in the theoretical prediction, (4) At \u03c6=0, D1 should be maximum for the standard MZI convention, but the simulation shows it's zero - this suggests the phase convention or beam splitter matrix needs review.\n\n### Key Findings\n- Correctly implements quantum interference with complex amplitudes and proper visibility calculation\n- Successfully demonstrates complementary behavior with total intensity variation ~5e-16\n- Achieves near-perfect visibility (>0.999) consistent with low-loss interferometer\n- Properly uses beam splitter transformation matrices for quantum state evolution\n\n### Limitations\n- Energy conservation check fails due to incorrect theoretical prediction formula\n- Mirror losses applied incorrectly - should account for both mirrors in each arm and the round-trip\n- Perfect destructive interference (I_min = 0) is unphysical given 1% mirror losses per reflection\n- Beam splitter convention may not match standard MZI textbook treatment\n- No consideration of coherence length or temporal effects despite linewidth parameter being defined\n- Detector efficiency applied inconsistently - should affect energy conservation calculation\n\n### Recommendations for Improvement\n- Verify beam splitter matrix convention against standard quantum optics references (e.g., Gerry & Knight)\n- Recalculate expected output intensities accounting for all losses: 2 mirrors \u00d7 2 beam splitters \u00d7 detector efficiency\n- Add validation that minimum intensity with realistic losses should be small but non-zero\n- Include uncertainty analysis or shot noise effects given the photon flux is calculated\n\n---\n\n## Design Alignment\n\nThis simulation was designed to model:\n> A coherent laser beam is split into two paths by BS1, creating a superposition state |\u03c8\u27e9 = (|upper\u27e9 + |lower\u27e9)/\u221a2. The upper arm includes a phase shifter that introduces a relative phase \u03c6 between the arms. At BS2, the paths recombine and interfere, with the output intensities at the two detectors varying as I\u2081 \u221d (1 + cos \u03c6) and I\u2082 \u221d (1 - cos \u03c6), demonstrating complementary interference patterns. This setup is fundamental for testing quantum coherence, measuring refractive indices, and implementing quantum gates.\n\nThe simulation partially captures the intended quantum physics.\n\n---\n\n*Report generated by AgenticQuantum Free-Form Simulation System*\n",
  "alignment_check": {
    "alignment_score": 9,
    "actually_models_design": true,
    "physics_match_quality": "exact",
    "all_components_used": true,
    "missing_from_code": [],
    "wrong_in_code": [
      "Energy conservation check expects wrong value - mirrors are in series (should multiply reflectivities), not parallel",
      "Expected max calculation doesn't properly account for interference - should be full input flux times losses at constructive interference"
    ],
    "parameter_accuracy": "matches",
    "outputs_correct_observables": true,
    "is_arbitrary_jazz": false,
    "overall_assessment": "Code correctly implements Mach-Zehnder interferometer with proper quantum optics formalism. Uses beam splitter matrices with correct phase conventions (\u03c0/2 on reflection), applies phase shift to upper arm, recombines at BS2, and calculates complementary interference patterns I\u2081 \u221d (1 + cos \u03c6) and I\u2082 \u221d (1 - cos \u03c6) as specified. All components (laser, BS1, mirrors, phase shifter, BS2, detectors) are properly modeled. Parameters match design exactly (632.8nm, 5mW, 50/50 BS, 0.99 mirror reflectivity, 0.85 detector efficiency). Outputs correct observables: visibility, complementary intensities, and verifies energy conservation. Results are physically valid (V\u22481 for ideal case, complementary outputs sum to constant). Minor issues in energy conservation expectations don't affect core physics simulation quality."
  },
  "num_figures": 1
}