{
  "rating": 4,
  "verdict": "POOR",
  "physics_correctness": "Critical error in probability normalization: total probability is 4.0 instead of 1.0, indicating a fundamental flaw in the boson sampling calculation. The permanent formula implementation appears correct, but the submatrix construction or normalization is wrong. The beam splitter implementation uses incorrect convention - mixing transmittance/reflectance with theta angles inconsistently. The unitary is verified but the probability calculation violates basic quantum mechanics (probabilities must sum to 1).",
  "implementation_quality": "Code is well-structured with good documentation and clear flow. Permanent calculation using Ryser's algorithm is properly implemented. However, the critical bug in probability calculation undermines the entire simulation. The beam splitter function has conceptual issues mixing different parameterizations. Error handling is minimal - the normalization check fails but is overridden by forced renormalization, hiding the underlying problem.",
  "results_validity": "Results are unphysical. Total probability of 4.0 before renormalization is a red flag that the calculation is fundamentally wrong. After forced renormalization, the collision probability (0.027), bunching enhancement (1.89x), and other metrics appear reasonable but are built on a flawed foundation. The SPDC pair rate of 4.07e+11 Hz is absurdly high - this would be ~400 GHz, far beyond typical SPDC rates (MHz to kHz range). The 4-fold coincidence rate assumptions are disconnected from the calculated pair rates.",
  "key_findings": [
    "Total probability sums to 4.0 instead of 1.0 - fundamental violation of quantum probability",
    "Probability normalization error suggests incorrect permanent calculation or submatrix construction",
    "SPDC pair rate calculation yields unphysical 400+ GHz rate",
    "Forced renormalization masks the underlying calculation error",
    "Beam splitter implementation mixes transmittance coefficients with angle parameterization inconsistently"
  ],
  "limitations": [
    "The 4x overcounting in probabilities suggests each photon is being counted multiple times or the input/output mode mapping is incorrect",
    "No validation that the permanent calculation handles repeated modes correctly for bosonic statistics",
    "SPDC rate calculation doesn't account for phase matching, crystal length, or realistic conversion efficiency",
    "No consideration of photon distinguishability from spectral/temporal properties",
    "Missing HOM interference validation for indistinguishability verification"
  ],
  "recommendations": [
    "Debug the probability calculation systematically - verify permanent calculation for simple 2-photon cases first",
    "Use standard test cases (e.g., 2 photons in 2-mode 50:50 beamsplitter should give specific known probabilities)",
    "Fix SPDC rate calculation to use realistic crystal parameters and phase matching bandwidth",
    "Add unit tests for permanent calculation with known results",
    "Validate beam splitter unitary construction against known interferometer designs"
  ],
  "refinement_instructions": "CRITICAL FIX - Line 102-120 (calculate_boson_sampling_probability): The issue is likely in how input/output modes are mapped. For input_state=[1,1,1,1,0], you're creating input_modes=[0,1,2,3] and selecting U[output_modes, input_modes]. Verify this is correct. The 4x overcounting suggests you may need to check if the permanent formula is being applied correctly for the single-photon-per-mode input case.\n\nLine 121-124: Remove the factorial normalization - for single photons in each input mode (occupation numbers all 0 or 1), the factorials are all 1! = 1, so this shouldn't change anything, but verify the formula. The correct boson sampling probability for n photons is |Per(U_S)|\u00b2/n! where U_S is nxn, NOT divided by input/output factorials when they're already in single-photon modes.\n\nLine 35-65 (build_interferometer_unitary): Standardize beam splitter parameterization. Either use theta consistently where t=cos(theta), r=sin(theta), OR use transmittance T directly. Don't mix arccos(0.5) with theta. Replace with: t = np.sqrt(T); r = np.sqrt(1-T) where T is transmittance.\n\nLine 222-224 (SPDC rate): Fix unrealistic calculation. Replace with: pair_rate_per_source = 1e6 (1 MHz, realistic for SPDC). The current calculation pump_photon_rate * spdc_efficiency gives ~4e11 Hz which is unphysical. Use experimentally realistic values: 10 kHz to 10 MHz for SPDC pair rates.\n\nLine 126: The probability formula should be |Per(U_S)|\u00b2/n! for n indistinguishable photons, not divided by occupation number factorials when input is one photon per mode. Check if you're double-counting the indistinguishability.",
  "report": "# Simulation Report: 4-Photon Boson Sampling Experiment\n\n## Overall Assessment\n**Quality Rating:** 4/10 | **Verdict:** POOR\n\n---\n\n## Simulation Output\n\n### Console Output\n```\n======================================================================\n4-PHOTON BOSON SAMPLING SIMULATION\n======================================================================\n\nUnitary matrix is unitary: True\nMax deviation from identity: 2.22e-16\n\nInput state: [1 1 1 1 0]\nTotal photons: 4\n(Represents heralded 4-photon state from two SPDC sources)\n\nNumber of possible output configurations: 70\n\nTotal probability (should be ~1.0): 4.000000\nProbability normalization check: False\n\n======================================================================\nTOP 10 MOST PROBABLE OUTPUT CONFIGURATIONS\n======================================================================\nRank   Output State         Probability     Expected Counts/hour\n----------------------------------------------------------------------\n1      [4 0 0 0 0]          0.060010        2593.52\n2      [0 4 0 0 0]          0.053451        2310.04\n3      [2 1 0 1 0]          0.046159        1994.89\n4      [0 0 0 2 2]          0.035331        1526.95\n5      [1 1 1 0 1]          0.034686        1499.07\n6      [0 3 0 0 1]          0.033406        1443.72\n7      [0 2 0 0 2]          0.031317        1353.44\n8      [1 1 0 0 2]          0.031138        1345.71\n9      [3 0 0 0 1]          0.030550        1320.30\n10     [2 0 0 2 0]          0.030433        1315.24\n\n======================================================================\nQUANTUM COMPUTATIONAL ADVANTAGE METRICS\n======================================================================\n\nCollision probability: 0.026935\nUniform distribution collision prob: 0.014286\nEnhancement factor: 1.89\n  (>1 indicates bosonic bunching, evidence of quantum interference)\n\nShannon entropy: 5.502 bits\nMaximum entropy (uniform): 6.129 bits\nEntropy ratio: 0.898\n\nEffective dimension: 37.1\nTotal dimension: 70\n  (Lower effective dimension shows concentration in fewer states)\n\nBunching probability (all 4 in one mode): 0.123427\nClassical expectation: 0.071429\nBunching enhancement: 1.73x\n\nAntibunching probability (one per mode): 0.080384\n\n======================================================================\nSIMULATED EXPERIMENTAL MEASUREMENT\n======================================================================\n\nMeasurement time: 1.0 hours\nPump power: 200 mW\nSPDC pair rate per source: 4.07e+11 Hz\n4-fold coincidence rate (before detection): 50.00 Hz\nDetection efficiency per photon: 70%\nEffective 4-fold rate (after detection): 12.00 Hz\nTotal 4-fold events: 43218.0\nAccidental coincidences from dark counts: 0.00\n\n----------------------------------------------------------------------\nTOP 5 MEASURED OUTPUT STATES\n----------------------------------------------------------------------\nOutput State         Measured     Expected     Ratio\n----------------------------------------------------------------------\n[4 0 0 0 0]          2536.0       2593.5       0.98\n[0 4 0 0 0]          2377.0       2310.0       1.03\n[2 1 0 1 0]          1991.0       1994.9       1.00\n[0 0 0 2 2]          1534.0       1527.0       1.00\n[1 1 1 0 1]          1533.0       1499.1       1.02\n\n======================================================================\nCLASSICAL SIMULATION COMPLEXITY\n======================================================================\n\nPermanent matrix size: 4x4\nNumber of output states to compute: 70\nPermanent calculations required: 70\nOperations per permanent (Ryser): ~64\nTotal operations: ~4.48e+03\n\nNote: For larger systems (e.g., 20 photons in 20 modes),\nclassical simulation becomes intractable, demonstrating\nquantum computational advantage.\n\n======================================================================\nQUANTUM INTERFERENCE VERIFICATION\n======================================================================\n\nTotal variation distance from uniform: 0.3859\n  (0 = uniform/distinguishable, 1 = completely different)\n\nKL divergence from uniform: 0.4350 bits\n  (Measures information gained from quantum interference)\n\n======================================================================\nEXPERIMENTAL CONSIDERATIONS\n======================================================================\n\nSPDC Physics:\n  - Type-II phase matching produces orthogonally polarized pairs\n  - Interference filters (3nm bandwidth) ensure indistinguishability\n  - Coincidence window: 1.0 ns\n  - Fiber coupling efficiency: ~70% per photon\n\nHeralding and Post-selection:\n  - 4-fold coincidences heralded by detector clicks\n  - Post-selection removes events with losses\n  - Accidental rate: 0.00 events/hour\n\n======================================================================\nCONCLUSION\n======================================================================\n\nThis simulation demonstrates 4-photon boson sampling through a\n5-mode linear optical network. The output distribution exhibits:\n  - Non-uniform probability distribution (entropy 89.8% of maximum)\n  - Bosonic bunching (1.9x enhancement)\n  - Strong deviation from classical distinguishable particles (TVD=0.39)\n\nThe permanent calculation required is #P-hard, demonstrating\nquantum computational advantage for this sampling task.\n======================================================================\n```\n\n---\n\n## Physics Analysis\n\n### Physics Correctness\nCritical error in probability normalization: total probability is 4.0 instead of 1.0, indicating a fundamental flaw in the boson sampling calculation. The permanent formula implementation appears correct, but the submatrix construction or normalization is wrong. The beam splitter implementation uses incorrect convention - mixing transmittance/reflectance with theta angles inconsistently. The unitary is verified but the probability calculation violates basic quantum mechanics (probabilities must sum to 1).\n\n### Implementation Quality\nCode is well-structured with good documentation and clear flow. Permanent calculation using Ryser's algorithm is properly implemented. However, the critical bug in probability calculation undermines the entire simulation. The beam splitter function has conceptual issues mixing different parameterizations. Error handling is minimal - the normalization check fails but is overridden by forced renormalization, hiding the underlying problem.\n\n### Results Validity\nResults are unphysical. Total probability of 4.0 before renormalization is a red flag that the calculation is fundamentally wrong. After forced renormalization, the collision probability (0.027), bunching enhancement (1.89x), and other metrics appear reasonable but are built on a flawed foundation. The SPDC pair rate of 4.07e+11 Hz is absurdly high - this would be ~400 GHz, far beyond typical SPDC rates (MHz to kHz range). The 4-fold coincidence rate assumptions are disconnected from the calculated pair rates.\n\n### Key Findings\n- Total probability sums to 4.0 instead of 1.0 - fundamental violation of quantum probability\n- Probability normalization error suggests incorrect permanent calculation or submatrix construction\n- SPDC pair rate calculation yields unphysical 400+ GHz rate\n- Forced renormalization masks the underlying calculation error\n- Beam splitter implementation mixes transmittance coefficients with angle parameterization inconsistently\n\n### Limitations\n- The 4x overcounting in probabilities suggests each photon is being counted multiple times or the input/output mode mapping is incorrect\n- No validation that the permanent calculation handles repeated modes correctly for bosonic statistics\n- SPDC rate calculation doesn't account for phase matching, crystal length, or realistic conversion efficiency\n- No consideration of photon distinguishability from spectral/temporal properties\n- Missing HOM interference validation for indistinguishability verification\n\n### Recommendations for Improvement\n- Debug the probability calculation systematically - verify permanent calculation for simple 2-photon cases first\n- Use standard test cases (e.g., 2 photons in 2-mode 50:50 beamsplitter should give specific known probabilities)\n- Fix SPDC rate calculation to use realistic crystal parameters and phase matching bandwidth\n- Add unit tests for permanent calculation with known results\n- Validate beam splitter unitary construction against known interferometer designs\n\n---\n\n## Design Alignment\n\nThis simulation was designed to model:\n> Four indistinguishable single photons from two SPDC sources are injected into modes 1-4 of a 5-mode linear optical network (mode 5 is vacuum). The photons undergo quantum interference according to the permanent of the unitary matrix describing the network, creating a multi-photon output distribution. The probability of measuring any specific output configuration is given by |Per(U_S)|\u00b2/(n!m!), where U_S is the submatrix corresponding to input/output modes - a calculation that is #P-hard and classically intractable. Measuring the output distribution with single-photon detectors and 4-fold coincidence counting demonstrates quantum computational advantage, as classical computers cannot efficiently sample from this distribution.\n\nThe simulation does not adequately capture the intended quantum physics.\n\n---\n\n*Report generated by AgenticQuantum Free-Form Simulation System*\n",
  "alignment_check": {
    "alignment_score": 3,
    "actually_models_design": false,
    "physics_match_quality": "wrong",
    "all_components_used": false,
    "missing_from_code": [
      "SPDC photon pair generation physics - code assumes perfect 4-photon input without modeling SPDC process",
      "Type-II phase matching - no polarization handling despite Type-II SPDC specified",
      "Fiber coupling and mode matching - single-mode fibers specified but not modeled",
      "Programmable interferometer with tunable beam splitters - code uses fixed parameters instead of programmable network",
      "Reck decomposition architecture - code claims to implement it but uses arbitrary beam splitter sequence",
      "Phase shifters between layers - mentioned in design but not properly implemented",
      "SPAD detection process with timing resolution and dark counts - only efficiency applied, no timing/dark count simulation",
      "Coincidence detection window and timing correlation - mentioned but not actually simulated"
    ],
    "wrong_in_code": [
      "CRITICAL: Total probability normalization = 4.0 instead of 1.0 - fundamental quantum mechanics error indicating broken permanent calculation or state normalization",
      "Beam splitter network does not match design specifications - design specifies 8 beam splitters in specific Reck decomposition, code uses arbitrary 6 transformations",
      "Input state assumption wrong - treats 4 photons as deterministic input, ignoring probabilistic SPDC generation and heralding",
      "No modeling of photon indistinguishability from filters - assumes perfect indistinguishability without simulating spectral/temporal filtering",
      "Pair rate calculation nonsensical - calculates 4.07e+11 Hz pair rate but then uses arbitrary 50 Hz fourfold rate",
      "Detection model oversimplified - applies efficiency^4 globally instead of per-detector per-event",
      "No polarization handling despite Type-II SPDC producing orthogonal polarizations that must interfere",
      "Unitary construction arbitrary - transmittances and phases don't correspond to design's BS1=0.67, BS2=0.5, BS3=0.33, BS4=0.5, BS5-8=0.5"
    ],
    "parameter_accuracy": "wrong",
    "outputs_correct_observables": false,
    "is_arbitrary_jazz": true,
    "overall_assessment": "Code simulates generic boson sampling but NOT this specific experimental design. Critical failures: (1) Probability normalization = 4.0 proves fundamental error in permanent calculation or quantum state handling - this alone invalidates all results. (2) Does not model SPDC pair generation, Type-II phase matching, or heralding despite being central to design. (3) Interferometer construction does not match specified Reck decomposition architecture. (4) No polarization physics despite Type-II SPDC. (5) Treats 4-photon input as given rather than probabilistic outcome of two SPDC sources. (6) Detection model ignores timing resolution, dark counts, and coincidence window dynamics. This is a textbook boson sampling simulation template that was not properly adapted to the specific experimental design provided."
  },
  "self_reflection": {},
  "num_figures": 0
}