{
  "rating": 4,
  "verdict": "POOR",
  "physics_correctness": "Major physics errors: (1) HOM interference implementation is fundamentally flawed - the function doesn't actually apply beam splitter transformations to the quantum state, it just manually assigns amplitudes to output states without proper operator application. (2) The post-selection logic is incorrect - detecting 'two photons at detector C' is described but not properly modeled through projection operators. (3) The correlation functions use single-qubit Pauli operators tensored together, which is correct in principle, but the angles are applied incorrectly (rotation operators should be R(\u03b8) = cos(\u03b8)Z + sin(\u03b8)X, not just the observable). (4) The triple coincidence rate of 1.37e+11 Hz is completely unphysical - this would require detecting 137 billion GHZ states per second, which is impossible with realistic SPDC sources and detector efficiencies. (5) The Mermin inequality value of 0.855 shows NO violation (classical bound is 2), yet the code claims to generate an entangled GHZ state with fidelity 0.87 - this is contradictory and indicates the state is not actually GHZ-like in its correlations.",
  "implementation_quality": "Code structure is well-organized with clear sections and documentation. However, critical implementation errors: (1) The apply_hom_interference function doesn't perform actual quantum operations - it manually constructs the output state rather than applying beam splitter unitary transformations. (2) No proper projection operators for post-selection. (3) The correlation_function applies measurement angles incorrectly - should construct rotation matrices and apply them to the density matrix, not just use rotated observables. (4) The calculate_visibility_vs_phase function constructs rotation matrices but doesn't correctly implement interference visibility measurement. (5) Missing error handling for edge cases. (6) The SPDC rate calculation is oversimplified and leads to unphysical count rates.",
  "results_validity": "Multiple unphysical results: (1) Triple coincidence rate of 1.37e+11 Hz is impossible - realistic GHZ generation rates are typically 1-1000 Hz. This is off by ~8 orders of magnitude. (2) Signal-to-noise ratio of 10^32 is meaningless. (3) Mermin inequality M=0.855 shows no violation despite claiming 87% fidelity to GHZ state - for a state with F=0.87 to ideal GHZ, we'd expect M \u2248 3.4. The actual value indicates the state doesn't have proper GHZ correlations. (4) All E(Z,X,X), E(X,Z,X), E(X,X,Z) correlations are exactly zero, which is incorrect for a GHZ state (should be approximately \u00b1\u221a2/2 for ideal state). (5) The XXX basis probabilities show equal distribution across 4 outcomes, which is correct for ideal GHZ, but the correlations don't match.",
  "key_findings": [
    "The HOM interference is not properly implemented as a quantum operation - output states are manually assigned rather than derived from beam splitter unitary",
    "Mermin inequality shows NO violation (M=0.855 << 2) despite 87% fidelity claim, indicating fundamental error in correlation calculations",
    "Triple coincidence rate of 137 billion Hz is unphysical by ~8 orders of magnitude",
    "Three-photon correlations E(Z,X,X)=E(X,Z,X)=E(X,X,Z)=0 are incorrect for GHZ state",
    "The state appears correct in computational basis but correlations are completely wrong"
  ],
  "limitations": [
    "HOM interference modeling doesn't use proper quantum beam splitter transformations",
    "Post-selection is described conceptually but not implemented through projection operators",
    "SPDC rate model is oversimplified and produces unphysical count rates",
    "Correlation measurements don't properly implement measurement basis rotations",
    "No validation that calculated correlations match expected GHZ properties",
    "Missing realistic experimental parameters (e.g., collection efficiency, spatial mode matching)",
    "Mermin inequality calculation is implemented but gives contradictory results"
  ],
  "recommendations": [
    "Study proper beam splitter quantum mechanics and implement BS transformation as unitary operator on Fock space",
    "Learn how to implement post-selection using projection operators in quantum optics",
    "Validate correlation functions against known GHZ state properties before running full simulation",
    "Use realistic experimental parameters from literature (typical GHZ rates are 1-1000 Hz, not 10^11 Hz)",
    "Cross-check that Mermin inequality violation is consistent with state fidelity"
  ],
  "refinement_instructions": "CRITICAL FIXES NEEDED:\n\n1. FIX HOM INTERFERENCE (Lines 80-120): Replace manual state assignment with proper beam splitter physics. The beam splitter transforms creation operators as: a_out1 = (a_in1 + i*a_in3)/sqrt(2), a_out2 = (i*a_in1 + a_in3)/sqrt(2). For two-photon inputs |1,1\u27e9, this gives |2,0\u27e9 + |0,2\u27e9 (bunching). Implement using Fock space operators or properly derive the state transformation for |HH\u27e9 \u2192 (|2H,0\u27e9 + |0,2H\u27e9)/\u221a2.\n\n2. FIX CORRELATION FUNCTIONS (Lines 200-210): The correlation_function is wrong. For measurement angle \u03b8, the operator should be O(\u03b8) = cos(\u03b8)\u03c3_z + sin(\u03b8)\u03c3_x. But you need to rotate the DENSITY MATRIX, not just the observable. Correct implementation: R(\u03b8) = [[cos(\u03b8/2), -i*sin(\u03b8/2)], [-i*sin(\u03b8/2), cos(\u03b8/2)]]. Then: rho_rotated = R\u2020\u03c1R, and measure \u27e8\u03c3_z\u27e9 on rotated state. Or equivalently: O(\u03b8) = R\u2020\u03c3_z R. Fix: sigma_A = R_A.conj().T @ pauli_z() @ R_A where R_A is rotation matrix.\n\n3. FIX SPDC RATE (Lines 130-135): Current rate is 3.06e+10 pairs/s which is too high. Realistic SPDC with 150mW pump produces ~10^6 pairs/s/mW/nm bandwidth. Use: pair_rate = pump_power * 1e6 * bandwidth_nm (where bandwidth ~10nm). This gives ~10^9 pairs/s total. Then coincidence rate = (pair_rate)^2 * coincidence_window * fusion_success * detector_eff^3 \u2248 10^9 * 10^9 * 10^-9 * 0.43 * 0.34 \u2248 150 Hz.\n\n4. VERIFY CORRELATIONS: After fixing correlation_function, add validation: For ideal GHZ (|000\u27e9+|111\u27e9)/\u221a2, should have E(X,X,X)=1, E(X,X,Z)=E(X,Z,X)=E(Z,X,X)=0 is WRONG. Correct: E(X,Y,Y)=E(Y,X,Y)=E(Y,Y,X)=-1, E(X,X,X)=+1 for GHZ. Your state |VVH\u27e9+|HHV\u27e9 has different structure. Calculate expected correlations analytically first, then verify code matches.\n\n5. Lines 214-230: The Mermin calculation uses wrong correlations. After fixing correlation_function, recalculate. For your state |VVH\u27e9+|HHV\u27e9, the stabilizers are different from standard |000\u27e9+|111\u27e9 GHZ. Verify which Bell-type inequality is appropriate.\n\n6. Line 95-115: The apply_hom_interference logic 'Term 1: |H>_1|V>_A|H>_3|V>_B -> H photons bunch' is conceptually right but implementation is wrong. You need to: (a) Apply BS unitary to photons 1,3. (b) Project onto 'both photons in same output mode'. (c) This projects the 4-photon state to 3-photon state. Use proper projection: P_bunch = |2,0\u27e9\u27e82,0| + |0,2\u27e9\u27e80,2| in the HH subspace.",
  "report": "# Simulation Report: Three-Photon GHZ State Generator via Type-II SPDC and Photon Fusion\n\n## Overall Assessment\n**Quality Rating:** 4/10 | **Verdict:** POOR\n\n---\n\n## Simulation Output\n\n### Console Output\n```\nGHZ state normalization: 1.0000000000000002\nFusion success probability: 4.2750e-01\n\nPump photon rate: 3.06e+17 photons/s\nSPDC pair rate per source: 3.06e+10 pairs/s\n\nCoincidence window: 1.0 ns\nHOM visibility: 0.95\nSpatial mode overlap: 0.9\nFusion success probability: 4.2750e-01\nTriple coincidence rate (ideal): 1.37e+11 Hz\n\n=== Measurement Probabilities in HV Basis ===\nP(HHV) = 0.5000\nP(VVH) = 0.5000\n\n=== Measurement Probabilities in XXX Basis ===\nP(+++) = 0.2500\nP(+--) = 0.2500\nP(-+-) = 0.2500\nP(--+) = 0.2500\n\nGHZ State Fidelity: 0.8731\n\nState Purity: 0.7646\n\nEntanglement Witness Value: -0.3731\n  -> State is entangled (witness < 0)\n\n=== Three-Photon Correlations ===\nE(Z,Z,Z): 0.0000\nE(X,X,X): 0.8550\nE(Z,X,X): 0.0000\nE(X,Z,X): 0.0000\nE(X,X,Z): 0.0000\n\nMermin Inequality M: 0.8550\n|M|: 0.8550\n  Classical bound: |M| <= 2\n  Quantum maximum: |M| = 4\n  -> No violation (within classical bound)\n\nReduced state purity (AB): 0.4328\n\n=== Expected Experimental Rates ===\nMeasurement time: 1.0 s\nTrue triple coincidences: 1.37e+11 counts\nDark count triples: 1.00e-21 counts\nSignal-to-noise ratio: 136954854581062441482821780373504.00\n\nInterference Visibility (X basis): 0.8549\n\n============================================================\nSUMMARY: Three-Photon GHZ State Generation\n============================================================\nTarget State: |GHZ> = (|VVH> + |HHV>)/\u221a2\nGeneration Method: Type-II SPDC + HOM Fusion\n\nState Fidelity: 0.8731\nState Purity: 0.7646\nEntanglement Witness: -0.3731 (< 0 indicates entanglement)\nMermin Inequality: M = 0.8550, |M| = 0.8550 (classical bound: 2, quantum: 4)\nInterference Visibility: 0.8549\n\nTriple Coincidence Rate: 1.37e+11 Hz\nHOM Visibility: 0.9500\nSpatial Mode Overlap: 0.9000\nDetection Efficiency: 0.70\n\nPhysical constraints verified:\n  \u2713 State normalization: 1.000000 \u2248 1\n  \u2713 Density matrix trace: 1.000000 \u2248 1\n  \u2713 Purity: 0 < 0.7646 <= 1\n  \u2713 Fidelity: 0 < 0.8731 <= 1\n  \u2713 All probabilities >= 0\n============================================================\n```\n\n---\n\n## Physics Analysis\n\n### Physics Correctness\nMajor physics errors: (1) HOM interference implementation is fundamentally flawed - the function doesn't actually apply beam splitter transformations to the quantum state, it just manually assigns amplitudes to output states without proper operator application. (2) The post-selection logic is incorrect - detecting 'two photons at detector C' is described but not properly modeled through projection operators. (3) The correlation functions use single-qubit Pauli operators tensored together, which is correct in principle, but the angles are applied incorrectly (rotation operators should be R(\u03b8) = cos(\u03b8)Z + sin(\u03b8)X, not just the observable). (4) The triple coincidence rate of 1.37e+11 Hz is completely unphysical - this would require detecting 137 billion GHZ states per second, which is impossible with realistic SPDC sources and detector efficiencies. (5) The Mermin inequality value of 0.855 shows NO violation (classical bound is 2), yet the code claims to generate an entangled GHZ state with fidelity 0.87 - this is contradictory and indicates the state is not actually GHZ-like in its correlations.\n\n### Implementation Quality\nCode structure is well-organized with clear sections and documentation. However, critical implementation errors: (1) The apply_hom_interference function doesn't perform actual quantum operations - it manually constructs the output state rather than applying beam splitter unitary transformations. (2) No proper projection operators for post-selection. (3) The correlation_function applies measurement angles incorrectly - should construct rotation matrices and apply them to the density matrix, not just use rotated observables. (4) The calculate_visibility_vs_phase function constructs rotation matrices but doesn't correctly implement interference visibility measurement. (5) Missing error handling for edge cases. (6) The SPDC rate calculation is oversimplified and leads to unphysical count rates.\n\n### Results Validity\nMultiple unphysical results: (1) Triple coincidence rate of 1.37e+11 Hz is impossible - realistic GHZ generation rates are typically 1-1000 Hz. This is off by ~8 orders of magnitude. (2) Signal-to-noise ratio of 10^32 is meaningless. (3) Mermin inequality M=0.855 shows no violation despite claiming 87% fidelity to GHZ state - for a state with F=0.87 to ideal GHZ, we'd expect M \u2248 3.4. The actual value indicates the state doesn't have proper GHZ correlations. (4) All E(Z,X,X), E(X,Z,X), E(X,X,Z) correlations are exactly zero, which is incorrect for a GHZ state (should be approximately \u00b1\u221a2/2 for ideal state). (5) The XXX basis probabilities show equal distribution across 4 outcomes, which is correct for ideal GHZ, but the correlations don't match.\n\n### Key Findings\n- The HOM interference is not properly implemented as a quantum operation - output states are manually assigned rather than derived from beam splitter unitary\n- Mermin inequality shows NO violation (M=0.855 << 2) despite 87% fidelity claim, indicating fundamental error in correlation calculations\n- Triple coincidence rate of 137 billion Hz is unphysical by ~8 orders of magnitude\n- Three-photon correlations E(Z,X,X)=E(X,Z,X)=E(X,X,Z)=0 are incorrect for GHZ state\n- The state appears correct in computational basis but correlations are completely wrong\n\n### Limitations\n- HOM interference modeling doesn't use proper quantum beam splitter transformations\n- Post-selection is described conceptually but not implemented through projection operators\n- SPDC rate model is oversimplified and produces unphysical count rates\n- Correlation measurements don't properly implement measurement basis rotations\n- No validation that calculated correlations match expected GHZ properties\n- Missing realistic experimental parameters (e.g., collection efficiency, spatial mode matching)\n- Mermin inequality calculation is implemented but gives contradictory results\n\n### Recommendations for Improvement\n- Study proper beam splitter quantum mechanics and implement BS transformation as unitary operator on Fock space\n- Learn how to implement post-selection using projection operators in quantum optics\n- Validate correlation functions against known GHZ state properties before running full simulation\n- Use realistic experimental parameters from literature (typical GHZ rates are 1-1000 Hz, not 10^11 Hz)\n- Cross-check that Mermin inequality violation is consistent with state fidelity\n\n---\n\n## Design Alignment\n\nThis simulation was designed to model:\n> Two independent Type-II SPDC sources each produce entangled pairs in state (|HV\u27e9 + |VH\u27e9)/\u221a2. The H-polarized photons from both sources are directed to a polarizing beam splitter (fusion PBS) where they undergo Hong-Ou-Mandel interference. When both H photons exit together to detector C (post-selected event), the V-polarized photons at detectors A and B become entangled with the fused photon, creating the three-photon GHZ state |GHZ\u27e9 = (|VVH\u27e9 + |HHV\u27e9)/\u221a2 through entanglement swapping and quantum interference.\n\nThe simulation does not adequately capture the intended quantum physics.\n\n---\n\n*Report generated by AgenticQuantum Free-Form Simulation System*\n",
  "alignment_check": {
    "alignment_score": 8,
    "actually_models_design": true,
    "physics_match_quality": "close",
    "all_components_used": false,
    "missing_from_code": [
      "Explicit modeling of PBS routing (PBS 1 and PBS 2 that separate H/V photons)",
      "Mirror redirection paths explicitly modeled",
      "Spatial mode matching via lenses not explicitly included in quantum state evolution",
      "Detector timing resolution and coincidence window logic (declared but not simulated dynamically)"
    ],
    "wrong_in_code": [
      "Triple coincidence rate calculation is unrealistic (1.37e+11 Hz is physically impossible - would require impossible SPDC rates)",
      "SPDC efficiency of 1e-7 pairs/pump photon is too high by ~3 orders of magnitude for typical Type-II BBO",
      "Coincidence probability calculation treats pair rates incorrectly (should account for Poissonian statistics, not simple product)",
      "Mermin inequality violation not observed despite reasonable fidelity - suggests issue in correlation function implementation or excessive decoherence model"
    ],
    "parameter_accuracy": "realistic_defaults",
    "outputs_correct_observables": true,
    "is_arbitrary_jazz": false,
    "overall_assessment": "Code correctly models the core physics of Type-II SPDC + HOM fusion for GHZ generation. The quantum state evolution (initial Bell pairs, HOM interference with post-selection, resulting GHZ superposition) accurately reflects the designed experiment. Key observables (fidelity, purity, entanglement witness, Mermin inequality, correlation functions) are appropriate for GHZ state verification. However, the classical rate calculations are severely flawed with unrealistic count rates, and some physical components (PBS routing, mirrors) are implicit rather than explicitly modeled. The quantum simulation is sound; the classical photon budget is nonsensical."
  },
  "num_figures": 0
}