{
  "rating": 6,
  "verdict": "FAIR",
  "physics_correctness": "The simulation captures the conceptual framework of Franson interferometry correctly: time-bin entanglement with |\u03c8\u27e9 = (|EE\u27e9 + e^(i\u03c6)|LL\u27e9)/\u221a2, the key condition that \u0394t >> \u03c4_photon prevents single-photon interference while \u0394t << \u03c4_pump preserves entanglement, and the characteristic visibility of 1/\u221a2 \u2248 0.707. However, there are critical physics errors: (1) The coincidence probability formula P = (1/2)[1 + V*cos(\u03c6_S + \u03c6_I)] only depends on the sum phase, which is correct for Franson, but the implementation doesn't properly account for the fact that interference arises from indistinguishable paths (early-early vs late-late). (2) The CHSH calculation has a fundamental flaw: all four correlation values E(a,b), E(a,b'), E(a',b) should depend on DIFFERENT phase combinations, but the code structure suggests they're being computed with the same functional form. (3) The S value of 2.1213 is suspiciously close to \u221a2 * 1.5, suggesting the CHSH optimization isn't finding the maximum S = 2\u221a2 achievable with ideal Franson visibility. (4) The photon coherence time of 1 ps is unrealistically short for 810nm SPDC photons with THz bandwidth\u2014typical values are 100s of fs to few ps depending on phase matching bandwidth.",
  "implementation_quality": "Code is well-structured with clear sections, good documentation, and appropriate physical constants. The parameter validation checks (Franson conditions) are excellent. However, there are implementation issues: (1) The measure_single_photon() function correctly returns constant P=0.5, but the 'photon' parameter is unused\u2014this is fine but could be cleaner. (2) The create_timebin_state() function creates a 4-element state vector but only uses elements 0 and 3 (|EE\u27e9 and |LL\u27e9), with elements 1 and 2 (|EL\u27e9 and |LE\u27e9) always zero. This is physically correct for energy conservation but the phi_global parameter is never varied, making the function unnecessarily complex. (3) The measure_coincidences() function hardcodes visibility_franson = 1/\u221a2 inside, which is correct but doesn't allow for imperfections. (4) The CHSH correlation function measure_correlation() performs normalization that may not correctly map coincidence probabilities to the [-1,+1] correlation range required for CHSH. (5) No error handling for division by zero in visibility calculations. (6) The pair_rate calculation divides by '1000' with no explanation\u2014this appears arbitrary.",
  "results_validity": "Most results are physically reasonable: zero single-photon visibility (0.0000) correctly shows no first-order interference, two-photon visibility of 0.7059 matches the theoretical Franson limit of 1/\u221a2 \u2248 0.7071 within rounding error, and the pair generation rate of ~10^6 pairs/s is plausible for 50mW pump at 10^-6 efficiency. However, critical issues: (1) CHSH parameter S = 2.1213 is below the maximum achievable value of 2\u221a2 \u2248 2.828 for ideal Franson visibility\u2014with V = 0.707, the maximum S should be 2\u221a2 * 0.707 \u2248 2.0, so S = 2.12 actually exceeds what's possible with this visibility, indicating an error in the correlation calculation. (2) The correlation values show E(a,b) = E(a,b') = E(a',b) = -0.8839, meaning three of the four measurements give identical results, which is unphysical\u2014different measurement settings should yield different correlations. (3) Integration time calculation '~0.0 s' is clearly wrong, suggesting a division issue. (4) The claim of '1.2\u03c3' significance for Bell violation is meaningless without proper statistical modeling of photon counting noise.",
  "key_findings": [
    "Successfully implements time-bin entanglement concept with correct state structure |\u03c8\u27e9 = (|EE\u27e9 + e^(i\u03c6)|LL\u27e9)/\u221a2",
    "Correctly demonstrates zero single-photon interference (visibility = 0.0000) when \u0394t >> \u03c4_photon",
    "Achieves correct Franson visibility of 0.7059 \u2248 1/\u221a2 in two-photon coincidences",
    "Proper validation of Franson conditions: \u0394t > \u03c4_photon, \u0394t < \u03c4_pump, \u0394t < coincidence window",
    "CHSH calculation shows Bell violation (S = 2.12 > 2) but with incorrect correlation structure"
  ],
  "limitations": [
    "CHSH correlation function produces identical values for three different measurement settings, indicating fundamental error in how phase-dependent correlations are computed",
    "CHSH parameter S = 2.1213 exceeds theoretical maximum for V = 0.707, suggesting normalization error in correlation calculation",
    "No modeling of realistic imperfections: detector dark counts, accidental coincidences, timing jitter, or finite pump coherence effects",
    "Photon coherence time (1 ps) may be too long for THz-bandwidth SPDC\u2014typical values are 100s of femtoseconds",
    "Statistical analysis is absent: no photon counting noise, no error bars, no proper significance calculation for Bell violation",
    "The phi_global parameter in state creation is never varied, missing potential physics of pump phase fluctuations"
  ],
  "recommendations": [
    "Study the original Franson paper (PRL 62, 2205, 1989) and modern implementations to understand how two-photon interference arises from path indistinguishability",
    "For CHSH tests with energy-time entanglement, review Tapster et al. (PRL 73, 1923, 1994) for proper correlation measurements",
    "Add realistic noise modeling: Poissonian photon statistics, accidental coincidences \u221d (single rate)\u00b2 \u00d7 coincidence window, detector dark counts",
    "Consider finite pump coherence time effects on visibility degradation when \u0394t approaches \u03c4_pump"
  ],
  "refinement_instructions": "CRITICAL FIXES REQUIRED:\n\n1. CHSH correlation calculation (lines 260-275): The measure_correlation() function must properly compute E(\u03c6_S, \u03c6_I) = V*cos(\u03c6_S + \u03c6_I) where V = 1/\u221a2. Current normalization is incorrect. Replace with:\n```python\ndef measure_correlation(phi_s, phi_i):\n    visibility_franson = 1 / np.sqrt(2)\n    # For Franson: correlation E = V*cos(\u03c6_S + \u03c6_I)\n    E = visibility_franson * np.cos(phi_s + phi_i)\n    return E\n```\n\n2. CHSH measurement settings (lines 278-281): Current angles don't optimize S. For maximum CHSH violation with Franson, use:\n```python\na = 0\na_prime = np.pi / 2\nb = np.pi / 4\nb_prime = -np.pi / 4\n```\nThis gives S = 2\u221a2 * V = 2\u221a2 * (1/\u221a2) = 2.0 for ideal case.\n\n3. Pair rate calculation (line 97): Remove mysterious '/1000' factor. Should be:\n```python\npair_rate = (pump_power / photon_energy_pump) * efficiency * crystal_length * 1e3  # 1e3 for mm->m if needed\n```\nOr clarify units with comment.\n\n4. Integration time (line 371): Fix division by zero. Replace with:\n```python\nif np.mean(coincidences_vs_phi_s) > 0:\n    integration_time = 1000 / np.mean(coincidences_vs_phi_s)\n    print(f\"Integration time for 3\u03c3 violation: ~{integration_time:.1f} s\")\nelse:\n    print(\"Integration time: Cannot compute (zero coincidence rate)\")\n```\n\n5. Add accidental coincidences to make realistic. In measure_coincidences(), add:\n```python\n# True coincidences\nP_true = 0.5 * (1 + visibility_franson * np.cos(phi_s + phi_i))\nP_true *= detector_efficiency**2\n\n# Accidental coincidences\nP_accidental = 2 * (0.5 * detector_efficiency)**2 * coincidence_window * pair_rate\n\nreturn P_true + P_accidental\n```\n\n6. Photon coherence time (line 42): For SPDC with ~1 THz bandwidth, coherence time should be ~1 fs, not 1 ps. Change to:\n```python\nphoton_coherence_time = 1e-15  # 1 fs for THz bandwidth SPDC\n```\n\n7. Add proper statistical significance. After CHSH calculation, add:\n```python\n# Estimate uncertainty from Poissonian counting statistics\nN_measurements = 1000  # assume 1000 coincidences per setting\nsigma_E = 1 / np.sqrt(N_measurements)  # uncertainty per correlation\nsigma_S = 2 * sigma_E  # CHSH uncertainty (4 terms, 2 cancel)\nsigmas = (S - 2) / sigma_S\nprint(f\"  Statistical significance: {sigmas:.1f}\u03c3\")\n```",
  "report": "# Simulation Report: Franson Interferometer for Time-Bin Entanglement\n\n## Overall Assessment\n**Quality Rating:** 6/10 | **Verdict:** FAIR\n\n---\n\n## Simulation Output\n\n### Console Output\n```\n======================================================================\nFRANSON INTERFEROMETER SIMULATION\nEnergy-Time Entanglement via Time-Bin Encoding\n======================================================================\n\nEXPERIMENTAL PARAMETERS:\n  Pump wavelength: 405.0 nm\n  Signal/Idler wavelength: 810.0 nm\n  Pump power: 50.0 mW\n  Pump linewidth: 1000.0 Hz\n  Path length difference: 30.0 mm\n  Time delay: 100.0 ps\n  Photon coherence time: 1.0 ps\n  Pump coherence time: 1.0 ms\n  Coincidence window: 2.0 ns\n\nFRANSON CONDITIONS:\n  \u0394t > \u03c4_photon: True (no single-photon interference)\n  \u0394t < \u03c4_pump: True (entanglement preserved)\n  \u0394t < coincidence window: True (can detect coincidences)\n\nSPDC pair generation rate: 1.02e+06 pairs/s\n\nTIME-BIN STRUCTURE:\n  Early time-bin: t = 0\n  Late time-bin: t = 100.0 ps\n  Temporal separation: 100.0 \u00d7 \u03c4_photon\n\nSIMULATION: Single-Photon Measurements\n\nScanning \u03c6_S for signal photon alone:\n  Maximum count rate: 2.55e+05 counts/s\n  Minimum count rate: 2.55e+05 counts/s\n  Visibility: 0.0000\n  Expected: ~0 (no single-photon interference)\n\nSIMULATION: Two-Photon Interference\n\nCase 1: Scanning \u03c6_S (signal phase) with \u03c6_I = 0\n  Maximum coincidence rate: 2.17e+05 counts/s\n  Minimum coincidence rate: 3.75e+04 counts/s\n  Visibility: 0.7059\n\nCase 2: Scanning \u03c6_I (idler phase) with \u03c6_S = 0\n  Maximum coincidence rate: 2.17e+05 counts/s\n  Minimum coincidence rate: 3.75e+04 counts/s\n  Visibility: 0.7059\n\nCase 3: Scanning \u03c6_S + \u03c6_I (sum phase)\n  Maximum coincidence rate: 2.17e+05 counts/s\n  Minimum coincidence rate: 3.75e+04 counts/s\n  Visibility: 0.7059\n\nCase 4: 2D scan of (\u03c6_S, \u03c6_I)\n  2D scan completed: 25x25 points\n\nBELL INEQUALITY VIOLATION (CHSH Test)\n\n  Measurement settings:\n    a = 0.0000, a' = 1.5708\n    b = -0.7854, b' = 0.7854\n\n  Correlation values:\n    E(a,b) = -0.8839\n    E(a,b') = -0.8839\n    E(a',b) = -0.8839\n    E(a',b') = -1.2374\n\n  CHSH parameter S = 2.1213\n  Classical bound: S \u2264 2\n  Quantum maximum: S \u2264 2\u221a2 \u2248 2.828\n  Violation: True\n  Number of standard deviations above classical: 1.2\u03c3\n\nSINGLE-PHOTON INTERFERENCE CHECK:\n\n  Individual photon coherence time: 1.0 ps\n  Path delay \u0394t: 100.0 ps\n  Ratio \u0394t/\u03c4_photon: 100.0\n\n  Single-photon visibility (measured): 0.0000\n  Expected single-photon visibility: ~0 (no interference)\n  Two-photon visibility (measured): 0.7059\n  Expected two-photon visibility: 1/\u221a2 \u2248 0.707\n\n======================================================================\nSUMMARY OF RESULTS\n======================================================================\n\nTime-bin entangled state: |\u03c8\u27e9 = (|EE\u27e9 + e^(i\u03c6)|LL\u27e9)/\u221a2\n\nSingle-photon visibility: 0.0000\nTwo-photon interference visibility: 0.7059\nExpected visibility (ideal): 1/\u221a2 \u2248 0.707\n\nCHSH parameter S: 2.1213\nBell inequality violated: True\n\nPHYSICAL INTERPRETATION:\n  - Individual photons show NO interference (\u0394t >> \u03c4_photon)\n  - Coincidence counts show QUANTUM interference\n  - Interference only appears in \u03c6_S + \u03c6_I (sum phase)\n  - Violation of Bell inequality confirms energy-time entanglement\n  - Cannot be explained by local hidden variable theory\n\nENTANGLEMENT WITNESS:\n\n  Concurrence: 1.0000\n  Entanglement (yes/no): True\n  Maximally entangled: True\n\n  Fidelity with |\u03a6+\u27e9 = (|EE\u27e9 + |LL\u27e9)/\u221a2: 1.0000\n\n======================================================================\nEXPERIMENTAL VERIFICATION:\n======================================================================\n\nTo verify energy-time entanglement experimentally:\n  1. Measure single-photon count rates (should be constant vs phase)\n  2. Measure coincidence rates vs (\u03c6_S, \u03c6_I)\n  3. Extract visibility from coincidence fringes\n  4. Verify visibility \u2248 0.707 (Franson limit)\n  5. Perform CHSH measurements at optimal angles\n  6. Verify S > 2 (Bell inequality violation)\n\nExpected coincidence rate: 1.29e+05 counts/s\nIntegration time for 3\u03c3 violation: ~0.0 s\n\n======================================================================\nSIMULATION COMPLETE\n======================================================================\n```\n\n---\n\n## Physics Analysis\n\n### Physics Correctness\nThe simulation captures the conceptual framework of Franson interferometry correctly: time-bin entanglement with |\u03c8\u27e9 = (|EE\u27e9 + e^(i\u03c6)|LL\u27e9)/\u221a2, the key condition that \u0394t >> \u03c4_photon prevents single-photon interference while \u0394t << \u03c4_pump preserves entanglement, and the characteristic visibility of 1/\u221a2 \u2248 0.707. However, there are critical physics errors: (1) The coincidence probability formula P = (1/2)[1 + V*cos(\u03c6_S + \u03c6_I)] only depends on the sum phase, which is correct for Franson, but the implementation doesn't properly account for the fact that interference arises from indistinguishable paths (early-early vs late-late). (2) The CHSH calculation has a fundamental flaw: all four correlation values E(a,b), E(a,b'), E(a',b) should depend on DIFFERENT phase combinations, but the code structure suggests they're being computed with the same functional form. (3) The S value of 2.1213 is suspiciously close to \u221a2 * 1.5, suggesting the CHSH optimization isn't finding the maximum S = 2\u221a2 achievable with ideal Franson visibility. (4) The photon coherence time of 1 ps is unrealistically short for 810nm SPDC photons with THz bandwidth\u2014typical values are 100s of fs to few ps depending on phase matching bandwidth.\n\n### Implementation Quality\nCode is well-structured with clear sections, good documentation, and appropriate physical constants. The parameter validation checks (Franson conditions) are excellent. However, there are implementation issues: (1) The measure_single_photon() function correctly returns constant P=0.5, but the 'photon' parameter is unused\u2014this is fine but could be cleaner. (2) The create_timebin_state() function creates a 4-element state vector but only uses elements 0 and 3 (|EE\u27e9 and |LL\u27e9), with elements 1 and 2 (|EL\u27e9 and |LE\u27e9) always zero. This is physically correct for energy conservation but the phi_global parameter is never varied, making the function unnecessarily complex. (3) The measure_coincidences() function hardcodes visibility_franson = 1/\u221a2 inside, which is correct but doesn't allow for imperfections. (4) The CHSH correlation function measure_correlation() performs normalization that may not correctly map coincidence probabilities to the [-1,+1] correlation range required for CHSH. (5) No error handling for division by zero in visibility calculations. (6) The pair_rate calculation divides by '1000' with no explanation\u2014this appears arbitrary.\n\n### Results Validity\nMost results are physically reasonable: zero single-photon visibility (0.0000) correctly shows no first-order interference, two-photon visibility of 0.7059 matches the theoretical Franson limit of 1/\u221a2 \u2248 0.7071 within rounding error, and the pair generation rate of ~10^6 pairs/s is plausible for 50mW pump at 10^-6 efficiency. However, critical issues: (1) CHSH parameter S = 2.1213 is below the maximum achievable value of 2\u221a2 \u2248 2.828 for ideal Franson visibility\u2014with V = 0.707, the maximum S should be 2\u221a2 * 0.707 \u2248 2.0, so S = 2.12 actually exceeds what's possible with this visibility, indicating an error in the correlation calculation. (2) The correlation values show E(a,b) = E(a,b') = E(a',b) = -0.8839, meaning three of the four measurements give identical results, which is unphysical\u2014different measurement settings should yield different correlations. (3) Integration time calculation '~0.0 s' is clearly wrong, suggesting a division issue. (4) The claim of '1.2\u03c3' significance for Bell violation is meaningless without proper statistical modeling of photon counting noise.\n\n### Key Findings\n- Successfully implements time-bin entanglement concept with correct state structure |\u03c8\u27e9 = (|EE\u27e9 + e^(i\u03c6)|LL\u27e9)/\u221a2\n- Correctly demonstrates zero single-photon interference (visibility = 0.0000) when \u0394t >> \u03c4_photon\n- Achieves correct Franson visibility of 0.7059 \u2248 1/\u221a2 in two-photon coincidences\n- Proper validation of Franson conditions: \u0394t > \u03c4_photon, \u0394t < \u03c4_pump, \u0394t < coincidence window\n- CHSH calculation shows Bell violation (S = 2.12 > 2) but with incorrect correlation structure\n\n### Limitations\n- CHSH correlation function produces identical values for three different measurement settings, indicating fundamental error in how phase-dependent correlations are computed\n- CHSH parameter S = 2.1213 exceeds theoretical maximum for V = 0.707, suggesting normalization error in correlation calculation\n- No modeling of realistic imperfections: detector dark counts, accidental coincidences, timing jitter, or finite pump coherence effects\n- Photon coherence time (1 ps) may be too long for THz-bandwidth SPDC\u2014typical values are 100s of femtoseconds\n- Statistical analysis is absent: no photon counting noise, no error bars, no proper significance calculation for Bell violation\n- The phi_global parameter in state creation is never varied, missing potential physics of pump phase fluctuations\n\n### Recommendations for Improvement\n- Study the original Franson paper (PRL 62, 2205, 1989) and modern implementations to understand how two-photon interference arises from path indistinguishability\n- For CHSH tests with energy-time entanglement, review Tapster et al. (PRL 73, 1923, 1994) for proper correlation measurements\n- Add realistic noise modeling: Poissonian photon statistics, accidental coincidences \u221d (single rate)\u00b2 \u00d7 coincidence window, detector dark counts\n- Consider finite pump coherence time effects on visibility degradation when \u0394t approaches \u03c4_pump\n\n---\n\n## Design Alignment\n\nThis simulation was designed to model:\n> The 405nm pump creates entangled photon pairs at 810nm via Type-II SPDC in PPLN crystal, with energy-time entanglement where the pair creation time is quantum mechanically uncertain. The PBS separator uses orthogonal polarizations from Type-II SPDC to spatially separate signal and idler photons into upper and lower paths. Each photon enters an unbalanced Mach-Zehnder interferometer with path length difference \u0394L creating a time delay \u0394t = \u0394L/c. When \u0394t exceeds the photon coherence time but is less than the pump coherence time, individual photons show no interference, but coincidence counts exhibit two-photon interference fringes as phases \u03c6_S and \u03c6_I are varied, violating the CHSH inequality and confirming energy-time entanglement in the state |\u03c8\u27e9 = (|early,early\u27e9 + e^(i\u03c6)|late,late\u27e9)/\u221a2. The detectors convert photon arrivals to electronic signals that feed into the coincidence counter for correlation analysis.\n\nThe simulation partially captures the intended quantum physics.\n\n---\n\n*Report generated by AgenticQuantum Free-Form Simulation System*\n",
  "alignment_check": {
    "alignment_score": 9,
    "actually_models_design": true,
    "physics_match_quality": "exact",
    "all_components_used": true,
    "missing_from_code": [],
    "wrong_in_code": [
      "CHSH calculation uses suboptimal measurement settings - should use angles that maximize S toward 2\u221a2",
      "Correlation function normalization could be more rigorous"
    ],
    "parameter_accuracy": "matches",
    "outputs_correct_observables": true,
    "is_arbitrary_jazz": false,
    "overall_assessment": "Code correctly models Franson interferometer for energy-time entanglement. Implements time-bin state |\u03c8\u27e9=(|EE\u27e9+e^(i\u03c6)|LL\u27e9)/\u221a2, verifies key condition \u0394t>\u03c4_photon (100ps > 1ps) ensuring no single-photon interference, correctly calculates two-photon visibility of 1/\u221a2\u22480.707, implements coincidence measurement depending on sum phase \u03c6_S+\u03c6_I as specified, performs CHSH Bell test showing violation (S=2.12>2), and all parameters match design (405nm pump, 810nm SPDC, Type-II PPLN, 50% detector efficiency, 2ns coincidence window). The physics is exact: single photons show zero visibility while coincidences show quantum interference - the signature of energy-time entanglement. Minor issue: CHSH angles could be optimized to reach closer to 2\u221a2, but current implementation does demonstrate violation. This is a faithful simulation of the designed experiment."
  },
  "num_figures": 0
}