{
  "rating": 8,
  "verdict": "GOOD",
  "physics_correctness": "The quantum mechanics is fundamentally correct. The simulation properly models: (1) Bell state |\u03a6+\u27e9 = (|HH\u27e9 + |VV\u27e9)/\u221a2 from SPDC, (2) three-qubit composite system with correct tensor product structure, (3) Bell state measurement projectors on Alice's two qubits, (4) proper Pauli operator corrections (I, \u03c3_z, \u03c3_x, \u03c3_x\u03c3_z) corresponding to each Bell measurement outcome, (5) partial trace to obtain Bob's reduced density matrix, and (6) fidelity calculations. The equal 0.25 probabilities for all four Bell states are correct for the |+\u27e9 input state. The perfect F=1.0 process fidelity is theoretically expected for ideal teleportation.",
  "implementation_quality": "Code is well-structured with clear sections, proper use of QuTiP library for quantum operations, and correct implementation of projectors, tensor products, and partial traces. The simulation systematically tests multiple input states to verify process fidelity. Good use of physical parameters (wavelengths, detector efficiency, extinction ratios). Minor issue: the 'realistic_fidelity' calculation conflates success rate with fidelity - these are distinct metrics. The dark count contribution (4 * dark_count_prob) subtraction is ad-hoc and not rigorously derived from a noise model.",
  "results_validity": "Results are physically consistent: (1) Bell measurement probabilities sum to 1.0, (2) all fidelities are in [0,1], (3) detector efficiency of 0.49 for two-photon coincidence (0.7\u00b2) is correct, (4) HOM visibility of 0.95 is realistic, (5) perfect process fidelity of 1.0 matches theory for noiseless teleportation. The distinction between success rate (0.49) and fidelity (0.95-1.0) is appropriate. However, the 'realistic fidelity' metric (0.95) incorrectly mixes fidelity degradation with detection probability - fidelity should remain ~1.0 given the model, while success rate decreases.",
  "key_findings": [
    "Perfect teleportation protocol implementation with correct Bell state decomposition and Pauli corrections",
    "Proper three-qubit composite system handling with correct partial trace operations",
    "Equal 0.25 probabilities for all Bell measurement outcomes verified for |+\u27e9 state",
    "Process fidelity of 1.0 across all tested input states confirms unitary quantum channel",
    "Realistic experimental parameters: 70% detector efficiency, 95% HOM visibility, appropriate dark counts"
  ],
  "limitations": [
    "Conflation of success rate and fidelity in 'realistic_fidelity' metric - these should be reported separately",
    "Dark count noise model is simplified (factor of 4 subtraction) rather than derived from proper POVM formalism",
    "No simulation of actual Hong-Ou-Mandel interference at the beam splitter - Bell measurement is modeled as ideal projectors",
    "Missing phase-dependent effects: no simulation of timing jitter, spectral distinguishability, or spatial mode mismatch",
    "Classical communication delay and Pockels cell imperfections not modeled",
    "No entanglement verification (e.g., CHSH inequality, concurrence) of the initial Bell state"
  ],
  "recommendations": [
    "Separate success rate (detection probability) from fidelity (state quality given successful detection) in reporting",
    "Implement explicit HOM interference model with visibility-dependent beam splitter transformation rather than ideal projectors",
    "Add entanglement quality metrics (concurrence, negativity) for the SPDC Bell state",
    "Model timing jitter and spectral filtering effects on two-photon interference visibility"
  ],
  "refinement_instructions": "Code quality is good. Minor conceptual improvement: Lines 147-151 compute 'realistic_fidelity' by multiplying average_fidelity by detection and noise factors, but this conflates orthogonal metrics. Recommend: (1) Keep 'ideal_fidelity = 1.0' for the noiseless quantum channel, (2) Report 'success_rate = detection_efficiency_per_event * (1 - 4*dark_count_prob)' separately, (3) If modeling fidelity degradation from HOM visibility, use: 'fidelity_with_imperfections = hom_visibility + (1-hom_visibility)*0.5' to account for reduced contrast giving 50% classical correlation floor. Currently line 151 incorrectly reduces fidelity when it should only reduce success rate.",
  "report": "# Simulation Report: Quantum Teleportation of Photonic Polarization States\n\n## Overall Assessment\n**Quality Rating:** 8/10 | **Verdict:** GOOD\n\n---\n\n## Simulation Output\n\n### Console Output\n```\n============================================================\nQUANTUM TELEPORTATION SIMULATION\n============================================================\n\nInput state to teleport:\n|\u03c8\u27e9 = 0.7071|H\u27e9 + 0.7071|V\u27e9\nBloch sphere: \u03b8 = 90.0\u00b0\n\nEntangled state (SPDC):\n|\u03a6+\u27e9 = (|HH\u27e9 + |VV\u27e9)/\u221a2\n\n============================================================\nALICE'S BELL STATE MEASUREMENT\n============================================================\n\nBell measurement probabilities:\n|\u03a6+\u27e9: P = 0.2500\n|\u03a6-\u27e9: P = 0.2500\n|\u03a8+\u27e9: P = 0.2500\n|\u03a8-\u27e9: P = 0.2500\n\nDetection efficiency (2-photon coincidence): 0.4900\n\n============================================================\nBOB'S STATE RECONSTRUCTION\n============================================================\n\n|\u03a6+\u27e9 measurement (P=0.2500):\n  Correction applied: I\n  Fidelity with input: 1.000000\n\n|\u03a6-\u27e9 measurement (P=0.2500):\n  Correction applied: \u03c3_z\n  Fidelity with input: 1.000000\n\n|\u03a8+\u27e9 measurement (P=0.2500):\n  Correction applied: \u03c3_x\n  Fidelity with input: 1.000000\n\n|\u03a8-\u27e9 measurement (P=0.2500):\n  Correction applied: \u03c3_x\u03c3_z\n  Fidelity with input: 1.000000\n\n============================================================\nTELEPORTATION RESULTS\n============================================================\n\nIdeal average fidelity: 1.000000\nFidelity with detection efficiency: 0.490000\nFidelity with HOM visibility: 0.950000\nRealistic fidelity (all effects): 0.950000\n\nTeleportation success rate: 0.490000\n\n============================================================\nSTATE VERIFICATION (Example: |\u03a6+\u27e9 measurement)\n============================================================\n\nInput state |\u03c8\u27e9:\n  \u03b1 = 0.707107, \u03b2 = 0.707107\n\nBob's reconstructed state (after correction):\n  P(H) = 0.500000+0.000000j, P(V) = 0.500000+0.000000j\n  Expected: P(H) = 0.500000, P(V) = 0.500000\n\n============================================================\nQUANTUM CHANNEL CHARACTERIZATION\n============================================================\n\nFidelity for different input states:\n  \u03b8 =   0.0\u00b0: F = 1.000000\n  \u03b8 =  30.0\u00b0: F = 1.000000\n  \u03b8 =  45.0\u00b0: F = 1.000000\n  \u03b8 =  60.0\u00b0: F = 1.000000\n  \u03b8 =  90.0\u00b0: F = 1.000000\n\nAverage process fidelity: 1.000000\nTheoretical limit: 1.000000\nAchieved: 1.000000 (100.00%)\n\n============================================================\nSUMMARY\n============================================================\nTeleportation fidelity: 0.9500\nSuccess rate: 0.4900\nProcess fidelity: 1.0000\n\nPhysical constraints satisfied:\n  \u2713 Fidelity \u2208 [0,1]: True\n  \u2713 Probabilities sum to 1: True\n  \u2713 States normalized: True\n  \u2713 Detector efficiency realistic: 0.7 = 70%\n============================================================\n```\n\n---\n\n## Physics Analysis\n\n### Physics Correctness\nThe quantum mechanics is fundamentally correct. The simulation properly models: (1) Bell state |\u03a6+\u27e9 = (|HH\u27e9 + |VV\u27e9)/\u221a2 from SPDC, (2) three-qubit composite system with correct tensor product structure, (3) Bell state measurement projectors on Alice's two qubits, (4) proper Pauli operator corrections (I, \u03c3_z, \u03c3_x, \u03c3_x\u03c3_z) corresponding to each Bell measurement outcome, (5) partial trace to obtain Bob's reduced density matrix, and (6) fidelity calculations. The equal 0.25 probabilities for all four Bell states are correct for the |+\u27e9 input state. The perfect F=1.0 process fidelity is theoretically expected for ideal teleportation.\n\n### Implementation Quality\nCode is well-structured with clear sections, proper use of QuTiP library for quantum operations, and correct implementation of projectors, tensor products, and partial traces. The simulation systematically tests multiple input states to verify process fidelity. Good use of physical parameters (wavelengths, detector efficiency, extinction ratios). Minor issue: the 'realistic_fidelity' calculation conflates success rate with fidelity - these are distinct metrics. The dark count contribution (4 * dark_count_prob) subtraction is ad-hoc and not rigorously derived from a noise model.\n\n### Results Validity\nResults are physically consistent: (1) Bell measurement probabilities sum to 1.0, (2) all fidelities are in [0,1], (3) detector efficiency of 0.49 for two-photon coincidence (0.7\u00b2) is correct, (4) HOM visibility of 0.95 is realistic, (5) perfect process fidelity of 1.0 matches theory for noiseless teleportation. The distinction between success rate (0.49) and fidelity (0.95-1.0) is appropriate. However, the 'realistic fidelity' metric (0.95) incorrectly mixes fidelity degradation with detection probability - fidelity should remain ~1.0 given the model, while success rate decreases.\n\n### Key Findings\n- Perfect teleportation protocol implementation with correct Bell state decomposition and Pauli corrections\n- Proper three-qubit composite system handling with correct partial trace operations\n- Equal 0.25 probabilities for all Bell measurement outcomes verified for |+\u27e9 state\n- Process fidelity of 1.0 across all tested input states confirms unitary quantum channel\n- Realistic experimental parameters: 70% detector efficiency, 95% HOM visibility, appropriate dark counts\n\n### Limitations\n- Conflation of success rate and fidelity in 'realistic_fidelity' metric - these should be reported separately\n- Dark count noise model is simplified (factor of 4 subtraction) rather than derived from proper POVM formalism\n- No simulation of actual Hong-Ou-Mandel interference at the beam splitter - Bell measurement is modeled as ideal projectors\n- Missing phase-dependent effects: no simulation of timing jitter, spectral distinguishability, or spatial mode mismatch\n- Classical communication delay and Pockels cell imperfections not modeled\n- No entanglement verification (e.g., CHSH inequality, concurrence) of the initial Bell state\n\n### Recommendations for Improvement\n- Separate success rate (detection probability) from fidelity (state quality given successful detection) in reporting\n- Implement explicit HOM interference model with visibility-dependent beam splitter transformation rather than ideal projectors\n- Add entanglement quality metrics (concurrence, negativity) for the SPDC Bell state\n- Model timing jitter and spectral filtering effects on two-photon interference visibility\n\n---\n\n## Design Alignment\n\nThis simulation was designed to model:\n> Type-I SPDC generates entangled photon pairs in Bell state |\u03a6+\u27e9 = (|HH\u27e9 + |VV\u27e9)/\u221a2, with one photon sent to Alice and one to Bob. Alice prepares unknown state |\u03c8\u27e9 = \u03b1|H\u27e9 + \u03b2|V\u27e9 and performs Bell state measurement by interfering it with her entangled photon at a 50:50 non-polarizing beam splitter (enabling Hong-Ou-Mandel interference), followed by polarization analysis with two PBSs and four detectors. The two-photon coincidence pattern projects onto one of four Bell states, collapsing Bob's photon into a state related to |\u03c8\u27e9 by a known Pauli operator. Electronic coincidence logic identifies the Bell state and transmits classical bits via RF/fiber to Bob's station, triggering Pockels cells to apply the appropriate correction (identity, \u03c3_x, \u03c3_z, or \u03c3_x\u03c3_z), recovering the exact original state.\n\nThe simulation successfully captures the intended quantum physics.\n\n---\n\n*Report generated by A\u1e47ubuddhi (\u0905\u0923\u0941\u092c\u0941\u0926\u094d\u0927\u093f) Free-Form Simulation System*\n*Designed by S. K. Rithvik*\n",
  "alignment_check": {
    "alignment_score": 9,
    "actually_models_design": true,
    "physics_match_quality": "exact",
    "all_components_used": false,
    "missing_from_code": [
      "Hong-Ou-Mandel interference explicitly modeled at beam splitter",
      "Pockels cell operation (code applies Pauli operators directly without modeling electro-optic effect)",
      "Classical communication latency (1000ns specified but not simulated)",
      "PBS spatial separation of H/V components",
      "Coincidence timing window analysis (1ns window specified but only dark count probability calculated)"
    ],
    "wrong_in_code": [
      "Detection efficiency applied as eta^2 for two-photon coincidence, but Bell measurement requires 4 detectors at Alice - should account for all detection events properly",
      "Dark count probability calculation uses single detector rate (100 Hz) but doesn't properly account for 4-fold accidental coincidences",
      "HOM visibility (0.95) introduced without modeling the actual beam splitter interference that creates it"
    ],
    "parameter_accuracy": "matches",
    "outputs_correct_observables": true,
    "is_arbitrary_jazz": false,
    "overall_assessment": "Code correctly models the core quantum teleportation protocol with proper Bell state measurement, entangled state preparation (|\u03a6+\u27e9 from Type-I SPDC), and Pauli corrections. The fundamental physics is exact: three-qubit Hilbert space, proper Bell basis projections, correct mapping of Bell outcomes to Bob's states, and appropriate unitary corrections. All key quantum elements are present. However, the simulation abstracts away several physical implementation details: it doesn't explicitly model HOM interference at the beam splitter (just uses the result), treats Pockels cells as ideal Pauli operators rather than voltage-controlled birefringence, and simplifies the coincidence detection logic. The wavelengths (405nm pump, 810nm signal/idler), detector efficiency (70%), extinction ratios (10000:1), and beam splitter (50:50 non-polarizing) all match specifications. Output observables (fidelity, success rate, process fidelity) are physically correct and appropriate for teleportation. This is a high-quality quantum information simulation that captures the essential protocol, though it operates at the idealized qubit level rather than fully modeling every optical component's physical behavior."
  },
  "num_figures": 0
}